report_date,source_file,parse_error,vlcc_td3c_scrubber,vlcc_td3c_non_scrubber,vlcc_td22_scrubber,vlcc_td22_non_scrubber,suezmax_td20_scrubber,suezmax_td20_non_scrubber,aframax_scrubber,aframax_non_scrubber,lr2_scrubber,lr2_non_scrubber,lr1_scrubber,lr1_non_scrubber,mr_scrubber,mr_non_scrubber,mr_west_scrubber,mr_west_non_scrubber,mr_east_scrubber,mr_east_non_scrubber,bulk_cape_usd_day,bulk_pana_usd_day,bulk_supra_ultra_usd_day,bulk_supra_ultra_source,brent_usd_bbl,wti_usd_bbl,us_crude_imports_mmboe_day,china_crude_imports_mmboe_day,opec_oil_production_mmboe_day,iron_ore_china_usd_ton,bdi,china_iron_ore_imports_mt,china_coal_imports_mt,vlgc_me_asia_usd_day,vlgc_usgom_asia_usd_day,mt_belvieu_propane_usd_ton,japan_fwd_propane_usd_ton,japan_naphtha_usd_ton,saudi_propane_usd_ton,japan_lpg_imports_mt,india_lpg_imports_mt,china_lpg_imports_mt,lng_tfde_usd_day,henry_hub_usd_mmbtu,japan_lng_usd_mmbtu,ttf_usd_mmbtu,japan_lng_imports_mt,china_lng_imports_mt,korea_lng_imports_mt,india_lng_imports_mt
2024-08-22,inputs/research_pareto/2024/08/2024-08-22_371777.pdf,False,,,,,,,29600,23400,32700,28900,25000,20800,24200,19800,,,,,23122,12046,14407,Supramax,76.1,71.8,7.0,10.0,27.0,99.0,17591.4,102.8,46.2,42392,48280,400.0,641.0,668.0,598.0,0.7,1.3,3.5,76664,2.17,13.8,12.2,4.6,5.9,3.1,2.0
2024-08-23,inputs/research_pareto/2024/08/2024-08-23_372079.pdf,False,,,,,,,29000,23200,32000,28300,25100,21000,24700,20400,,,,,23608,11660,14447,Supramax,77.3,73.1,7.0,10.0,27.0,98.0,17680.5,102.8,46.2,44003,48794,401.0,642.0,663.0,595.0,0.7,1.8,3.5,76664,2.06,13.8,11.9,4.6,5.9,3.1,2.0
2024-08-26,inputs/research_pareto/2024/08/2024-08-26_372191.pdf,False,,,,,,,28300,22500,31300,27600,24700,20600,24600,20300,,,,,23645,11388,14498,Supramax,79.6,75.4,7.0,10.0,27.0,95.5,1762.0,102.8,46.2,44158,48264,409.0,650.0,669.0,604.0,0.7,1.8,3.5,73695,2.02,13.8,12.2,4.6,5.9,3.1,2.0
2024-08-27,inputs/research_pareto/2024/08/2024-08-27_372367.pdf,False,,,,,,,28300,22500,31300,27600,24700,20600,24600,20300,,,,,23645,11388,14498,Supramax,81.3,77.2,7.0,10.0,27.0,99.0,1762.0,102.8,46.2,44158,48264,412.0,659.0,682.0,612.0,0.7,1.8,3.5,73695,1.95,13.8,12.3,4.6,5.9,3.1,2.0
2024-08-29,inputs/research_pareto/2024/08/2024-08-29_372892.pdf,False,,,,,,,25800,20000,31300,27600,27100,23000,21700,17400,,,,,23908,10818,14474,Supramax,78.9,74.8,7.0,10.0,27.0,100.5,17552.0,102.8,46.2,43347,47340,399.0,654.0,671.0,606.0,0.7,1.8,3.5,67939,2.12,14.1,12.6,4.6,5.9,3.1,2.1
2024-08-30,inputs/research_pareto/2024/08/2024-08-30_373062.pdf,False,,,,,,,25700,19700,27900,24100,27300,23000,21400,16900,,,,,25870,10639,14429,Supramax,80.2,76.1,6.6,10.0,27.0,101.0,18274.1,102.8,46.2,43243,48203,402.0,658.0,665.0,606.0,0.7,1.8,3.5,67939,2.15,14.0,12.5,4.6,5.9,3.1,2.1
2024-09-02,inputs/research_pareto/2024/09/2024-09-02_373191.pdf,False,,,,,,,24000,18000,26700,22900,27200,22900,20400,15900,,,,,25700,10507,14369,Supramax,76.4,73.1,6.6,10.0,27.0,101.0,1814.0,102.8,46.2,43483,48647,396.0,656.0,679.0,604.0,0.7,1.8,3.5,69859,2.17,14.1,12.9,4.6,5.9,3.1,2.1
2024-09-03,inputs/research_pareto/2024/09/2024-09-03_373271.pdf,False,,,,,,,24300,18200,27300,23600,27600,23500,19800,15300,,,,,26935,10412,14259,Supramax,77.4,74.1,6.6,10.0,27.0,97.0,19195.8,102.8,46.2,43784,48955,396.0,656.0,659.0,604.0,0.7,1.8,3.5,69859,2.19,14.1,12.4,4.6,5.9,3.1,2.1
2024-09-04,inputs/research_pareto/2024/09/2024-09-04_373340.pdf,False,,,,,,,24300,18200,27000,23300,29200,25100,19400,14900,,,,,27774,10367,14147,Supramax,73.4,70.0,6.6,10.0,27.1,94.0,19471.5,102.8,46.2,43451,48537,379.0,640.0,666.0,603.0,0.7,1.8,3.5,70493,2.2,13.8,12.1,4.6,5.9,3.1,2.1
2024-09-05,inputs/research_pareto/2024/09/2024-09-05_373443.pdf,False,,,,,,,24600,18500,27800,24100,26800,22700,19000,14500,,,,,26738,10363,14026,Supramax,72.8,69.4,6.6,10.0,27.1,91.5,1902.0,102.8,46.2,42475,43730,375.0,640.0,648.0,601.0,0.7,1.8,3.5,70493,2.13,13.8,11.6,4.6,5.9,3.1,2.1
2024-09-06,inputs/research_pareto/2024/09/2024-09-06_373505.pdf,False,,,,,,,24700,18600,27400,23700,26400,22300,18600,14100,,,,,27247,10310,13968,Supramax,72.8,69.3,5.8,10.0,27.1,90.5,19190.9,102.8,46.2,38754,45361,359.0,637.0,646.0,602.0,0.7,1.8,3.5,70493,2.26,13.8,11.8,5.6,5.9,3.1,2.1
2024-09-09,inputs/research_pareto/2024/09/2024-09-09_373626.pdf,False,,,,,,,24700,18600,28500,24800,26200,22100,18500,14000,,,,,27832,10309,13895,Supramax,71.6,68.2,5.8,10.0,27.1,91.5,19411.1,102.8,46.2,38339,45042,344.0,629.0,639.0,600.0,0.7,1.8,3.5,68622,2.19,13.8,11.8,5.6,5.9,3.1,2.1
2024-09-10,inputs/research_pareto/2024/09/2024-09-10_373704.pdf,False,,,,,,,25700,19900,28900,25000,26900,22800,18700,14200,,,,,28232,10385,13879,Supramax,71.7,68.5,5.8,11.6,27.1,91.5,19580.9,101.4,45.8,39201,44325,326.0,638.0,630.0,605.0,0.7,1.8,3.5,68622,2.13,13.8,12.0,5.6,5.9,3.1,2.1
2024-09-13,inputs/research_pareto/2024/09/2024-09-13_373973.pdf,False,,,,,,,25500,19800,30900,27200,29000,24900,18300,14100,,,,,26750,11284,13925,Supramax,72.4,69.4,5.8,11.6,27.1,92.5,1927.0,101.4,45.8,31605,38755,327.0,635.0,629.0,608.0,0.7,1.8,3.5,71061,2.37,13.7,11.4,5.6,5.9,3.1,2.1
2024-09-16,inputs/research_pareto/2024/09/2024-09-16_374064 (1).pdf,False,,,,,,,24300,18600,30600,26900,28800,24700,18900,14700,,,,,25620,11513,13943,Supramax,71.7,68.9,5.8,11.6,27.1,90.5,1890.0,101.4,45.8,26115,36006,322.0,635.0,645.0,603.0,0.7,1.8,3.5,69609,2.27,13.7,11.6,5.6,5.9,3.1,2.1
2024-09-17,inputs/research_pareto/2024/09/2024-09-17_374129.pdf,False,,,,,,,25600,19900,33200,29500,30200,26100,18700,14500,,,,,25684,11640,13954,Supramax,73.1,70.6,5.8,11.6,27.1,90.5,18960.3,101.4,45.8,24439,34122,343.0,640.0,650.0,610.0,0.7,1.8,3.5,69609,2.39,13.1,11.1,5.6,5.9,3.1,2.1
2024-09-19,inputs/research_pareto/2024/09/2024-09-19_374412.pdf,False,,,,,,,24300,18600,32100,28400,30200,26100,17600,13400,,,,,25083,12180,14013,Supramax,73.9,71.0,5.8,11.6,27.1,88.5,1890.0,101.4,45.8,21110,24860,339.0,642.0,653.0,611.0,0.7,1.8,3.5,68671,2.29,13.2,11.5,5.6,5.9,3.1,2.1
2024-09-20,inputs/research_pareto/2024/09/2024-09-20_374538.pdf,False,,,,,,,24000,18300,35600,31900,29800,25700,17300,13100,,,,,26980,12417,14097,Supramax,74.6,71.8,5.8,11.6,27.1,88.5,19764.6,101.4,45.8,17855,21157,326.0,640.0,659.0,613.0,0.7,1.8,3.0,68671,2.35,12.8,10.8,5.6,6.5,3.9,2.1
2024-09-23,inputs/research_pareto/2024/09/2024-09-23_374616.pdf,False,,,,,,,23700,18000,36600,32900,30500,26400,17600,13400,,,,,26826,12506,14256,Supramax,75.0,71.5,5.8,11.6,27.1,90.0,19770.1,101.4,45.8,13942,20984,331.0,637.0,653.0,611.0,0.7,1.8,3.0,69659,2.47,13.0,11.3,5.6,6.5,3.9,2.1
2024-09-24,inputs/research_pareto/2024/09/2024-09-24_374767.pdf,False,,,,,,,22800,17100,36300,32600,30300,26200,16100,11900,,,,,27162,12632,14412,Supramax,74.7,71.2,5.8,11.6,27.1,88.0,19991.1,101.4,45.8,12916,22504,328.0,638.0,652.0,611.0,0.7,1.8,3.0,69659,2.65,13.2,11.8,5.6,6.5,3.9,2.1
2024-09-25,inputs/research_pareto/2024/09/2024-09-25_374849.pdf,False,,,,,,,22800,17100,36300,32600,32400,28300,16000,11800,,,,,27378,12703,14553,Supramax,74.9,71.2,5.8,11.6,27.1,92.5,20140.8,101.4,45.8,13581,24783,333.0,651.0,655.0,616.0,0.7,1.8,3.0,69285,2.58,13.1,11.6,5.6,6.5,3.9,2.1
2024-09-26,inputs/research_pareto/2024/09/2024-09-26_375070.pdf,False,,,,,,,22600,16900,35500,31800,31700,27600,16300,12100,,,,,27495,12550,14616,Supramax,71.7,67.9,5.8,11.6,27.1,94.5,20160.1,101.4,45.8,14421,25454,307.0,646.0,655.0,615.0,0.7,1.8,3.0,69285,2.66,13.1,12.1,5.6,6.5,3.9,2.1
2024-09-30,inputs/research_pareto/2024/09/2024-09-30_375295.pdf,False,,,,,,,24000,18200,37300,33700,32400,28400,17600,13400,,,,,30598,11677,14479,Supramax,73.1,69.1,6.5,11.6,27.1,102.0,21100.9,101.4,45.8,16700,26557,267.0,648.0,647.0,630.0,0.7,1.8,3.0,64821,2.89,13.2,12.5,5.6,6.5,3.9,2.2
2024-10-01,inputs/research_pareto/2024/10/2024-10-01_375468.pdf,False,,,,,,,23700,18000,37300,33700,32500,28500,17900,13700,,,,,30258,11391,14345,Supramax,71.8,68.3,6.5,11.6,27.1,109.5,2084.0,101.4,45.8,18668,28426,263.0,664.0,657.0,624.0,0.7,1.8,3.0,64821,2.91,13.1,12.5,5.6,6.5,3.9,2.2
2024-10-02,inputs/research_pareto/2024/10/2024-10-02_375596.pdf,False,,,,,,,27300,21600,33800,30200,31600,27600,18400,14200,,,,,29229,11142,14180,Supramax,74.7,71.0,6.5,11.6,26.6,109.5,2030.0,101.4,45.8,33787,45660,365.0,672.0,643.0,633.0,0.7,1.8,3.0,64739,2.9,13.2,12.7,5.6,6.5,3.9,2.2
2024-10-03,inputs/research_pareto/2024/10/2024-10-03_375685.pdf,False,,,,,,,36700,31000,31600,28000,29300,25300,19300,15100,,,,,28187,10938,14045,Supramax,74.8,71.0,6.6,11.6,26.6,109.5,1978.0,101.4,45.8,47359,56623,387.0,671.0,674.0,626.0,0.7,1.8,3.0,64739,2.92,13.1,12.5,5.6,6.5,3.9,2.2
2024-10-07,inputs/research_pareto/2024/10/2024-10-07_375962.pdf,False,,,,,,,45700,39600,28800,25000,26400,22200,19400,15000,,,,,26897,11160,13863,Supramax,77.8,74.1,6.6,11.6,26.6,109.5,1928.0,101.4,45.8,53314,55351,411.0,688.0,705.0,639.0,0.7,1.8,3.0,57564,2.8,13.1,13.2,5.7,6.5,3.9,2.2
2024-10-08,inputs/research_pareto/2024/10/2024-10-08_376075.pdf,False,,,,,,,44200,38100,29600,25800,25700,21500,19900,15500,,,,,26213,11397,13855,Supramax,79.5,75.8,6.6,11.6,26.6,109.5,1907.0,101.4,45.8,53979,54725,421.0,693.0,704.0,641.0,0.7,1.8,3.0,57564,2.74,13.1,12.9,5.7,6.5,3.9,2.2
2024-10-09,inputs/research_pareto/2024/10/2024-10-09_376254.pdf,False,,,,,,,41300,35200,28000,24200,24900,20700,20900,16500,,,,,24786,11633,13938,Supramax,77.9,74.2,6.6,11.6,26.6,104.5,1860.0,101.4,45.8,52608,53029,409.0,678.0,701.0,632.0,0.7,1.8,3.0,57137,2.71,13.1,12.5,5.7,6.5,3.9,2.2
2024-10-10,inputs/research_pareto/2024/10/2024-10-10_376340.pdf,False,,,,,,,41000,34900,28800,25000,25400,21200,21200,16800,,,,,23106,11777,14023,Supramax,77.1,73.9,6.6,11.6,26.6,103.0,1799.0,101.4,45.8,51505,52402,391.0,674.0,688.0,634.0,0.7,1.8,3.0,57137,2.64,13.1,12.3,5.7,6.5,3.9,2.2
2024-10-14,inputs/research_pareto/2024/10/2024-10-14_376678.pdf,False,,,,,,,41100,35100,28100,24400,25100,21000,20400,16000,,,,,23509,11582,14002,Supramax,78.1,74.6,6.6,11.6,26.6,105.0,18091.1,101.4,45.8,48128,49829,354.0,671.0,697.0,633.0,0.7,1.8,3.0,50572,2.59,13.1,12.6,5.7,6.5,3.9,2.2
2024-10-18,inputs/research_pareto/2024/10/2024-10-18_377382.pdf,False,,,,,,,40300,34500,31400,27800,25400,21300,19100,14800,,,,,19259,10255,13823,Supramax,74.7,71.0,6.6,11.1,26.6,99.0,1594.0,104.1,47.6,38776,46522,371.0,657.0,662.0,625.0,0.7,1.8,3.0,50572,2.35,13.5,12.5,5.7,6.5,7.2,2.2
2024-10-21,inputs/research_pareto/2024/10/2024-10-21_377561.pdf,False,,,,,,,41900,36000,31400,27800,25400,21300,18900,14500,,,,,18875,10226,13768,Supramax,73.3,69.5,6.6,11.1,26.6,99.0,1576.0,104.1,47.6,37045,45953,359.0,645.0,658.0,617.0,0.7,1.8,3.3,39961,2.24,13.3,12.5,5.7,6.8,7.2,2.2
2024-10-22,inputs/research_pareto/2024/10/2024-10-22_377790.pdf,False,,,,,,,42700,36800,31700,28100,25800,21700,18600,14200,,,,,18174,10166,13763,Supramax,74.0,70.4,6.6,11.1,26.6,100.5,1546.0,104.1,47.6,34188,44433,361.0,650.0,658.0,621.0,0.7,1.8,3.3,39961,2.34,13.3,12.7,5.7,6.8,7.2,2.2
2024-10-23,inputs/research_pareto/2024/10/2024-10-23_378090.pdf,False,,,,,,,44300,38400,31500,27900,26400,22300,18300,13900,,,,,16654,10003,13757,Supramax,75.7,71.4,6.6,11.1,26.6,99.0,1480.0,104.1,47.6,28858,41927,364.0,654.0,658.0,627.0,0.7,1.8,3.3,36439,2.3,13.5,12.9,5.7,6.8,7.2,2.2
2024-10-24,inputs/research_pareto/2024/10/2024-10-24_378479.pdf,False,,,,,,,41400,35500,30800,27200,24500,20400,17400,13000,,,,,15932,9802,13748,Supramax,75.7,71.6,6.6,11.1,26.6,97.0,1445.0,104.1,47.6,26851,41855,364.0,648.0,673.0,624.0,0.7,1.8,3.3,36439,2.39,13.6,13.1,5.7,6.8,7.2,2.2
2024-10-25,inputs/research_pareto/2024/10/2024-10-25_378958.pdf,False,,,,,,,41800,35900,31800,28200,24200,20100,17000,12600,,,,,15416,9609,13697,Supramax,74.6,70.4,6.6,11.1,26.6,98.0,1417.0,104.1,47.6,26677,40273,349.0,646.0,680.0,622.0,0.7,1.8,3.3,36439,2.53,13.7,13.4,5.7,6.8,7.2,2.2
2024-10-28,inputs/research_pareto/2024/10/2024-10-28_379342.pdf,False,,,,,,,41300,35400,32000,28400,24800,20700,16900,12500,,,,,15395,9477,13635,Supramax,72.9,68.7,6.6,11.1,26.6,99.0,1410.0,104.1,47.6,31699,39557,361.0,654.0,669.0,628.0,0.7,1.6,3.3,32067,2.48,13.8,13.8,5.7,6.8,7.2,2.2
2024-10-29,inputs/research_pareto/2024/10/2024-10-29_379506.pdf,False,,,,,,,40400,34700,29700,26200,24800,20800,16600,12400,,,,,14811,9375,13568,Supramax,71.3,67.2,6.6,11.1,26.6,101.5,1382.0,104.1,47.6,36250,39408,351.0,636.0,653.0,617.0,0.7,1.6,3.3,32067,2.26,13.8,13.5,5.7,6.8,7.2,2.2
2024-10-31,inputs/research_pareto/2024/10/2024-10-31_380134.pdf,False,,,,,,,35800,30100,27300,23800,25200,21200,15700,11500,,,,,15311,9483,13223,Supramax,72.7,68.8,6.0,11.1,26.6,101.5,1395.0,104.1,47.6,34514,34926,365.0,631.0,655.0,623.0,0.7,1.6,3.3,32656,2.81,13.5,13.1,5.7,6.8,7.2,2.2
2024-11-01,inputs/research_pareto/2024/11/2024-11-01_380495.pdf,False,,,,,,,35400,29700,27200,23700,25000,21000,15700,11500,,,,,15365,9499,12902,Supramax,74.1,70.6,6.0,11.1,26.6,101.5,1388.0,104.1,47.6,34338,35196,387.0,638.0,655.0,635.0,0.7,1.6,3.3,32656,2.69,13.6,12.4,5.7,6.8,7.2,2.2
2024-11-05,inputs/research_pareto/2024/11/2024-11-05_380595.pdf,False,,,,,,,35300,29400,25300,21700,23900,19800,15300,11000,,,,,15329,9453,12670,Supramax,74.5,70.9,6.0,11.1,26.9,101.0,1378.0,104.1,47.6,33777,34536,419.0,624.0,670.0,620.0,0.7,1.6,3.3,30164,2.6,13.5,12.5,5.7,6.8,7.2,2.2
2024-11-05,inputs/research_pareto/2024/11/2024-11-05_380752.pdf,False,,,,,,,34700,28800,25300,21700,23700,19600,15200,10900,,,,,15332,9422,12552,Supramax,75.0,71.4,6.0,11.1,26.9,102.0,1374.0,104.1,47.6,32084,34218,423.0,633.0,671.0,627.0,0.7,1.6,3.3,30164,2.79,13.5,12.9,5.7,6.8,7.2,2.2
2024-11-06,inputs/research_pareto/2024/11/2024-11-06_381117.pdf,False,,,,,,,33100,27200,25000,21400,23600,19500,14600,10300,,,,,16310,9386,12319,Supramax,74.5,71.0,6.0,11.1,26.9,102.0,14052.3,104.1,47.6,28401,33347,421.0,642.0,671.0,632.0,0.7,1.6,3.3,27036,2.67,13.5,12.6,5.7,6.8,7.2,2.2
2024-11-07,inputs/research_pareto/2024/11/2024-11-07_381507.pdf,False,,,,,,,31400,25500,22500,18900,21200,17100,14400,10100,,,,,17086,9326,12095,Supramax,75.0,71.7,6.0,10.6,26.9,102.0,14271.6,103.8,46.2,28427,33247,419.0,634.0,662.0,628.0,0.7,1.6,3.3,27036,2.75,13.5,12.8,5.4,6.8,7.2,2.2
2024-11-08,inputs/research_pareto/2024/11/2024-11-08_381800.pdf,False,,,,,,,30800,24900,22500,18900,21400,17300,14200,9900,,,,,17930,9263,11839,Supramax,75.1,71.7,6.0,10.6,26.9,103.5,14511.7,103.8,46.2,27305,33686,422.0,632.0,665.0,628.0,0.7,1.6,3.3,27036,2.71,13.5,13.3,5.4,6.8,7.2,2.2
2024-11-11,inputs/research_pareto/2024/11/2024-11-11_381928.pdf,False,,,,,,,29700,23800,22200,18600,20000,15900,13600,9300,,,,,19210,9250,11608,Supramax,73.9,70.3,6.0,10.6,26.9,101.5,14953.0,103.8,46.2,27405,34235,419.0,627.0,659.0,625.0,0.7,1.6,3.3,25133,2.84,13.6,13.3,5.4,6.8,7.2,2.2
2024-11-12,inputs/research_pareto/2024/11/2024-11-12_382064.pdf,False,,,,,,,29500,23600,22600,19000,19900,15800,13500,9200,,,,,20872,9303,11418,Supramax,71.7,67.9,6.0,10.6,26.9,99.0,15584.2,103.8,46.2,27546,38722,415.0,625.0,652.0,623.0,0.7,1.6,3.3,25133,2.95,13.6,13.6,5.4,6.8,7.2,2.2
2024-11-13,inputs/research_pareto/2024/11/2024-11-13_382280.pdf,False,,,,,,,28400,22500,20700,17100,20100,16000,14000,9700,,,,,22835,9410,11248,Supramax,72.1,68.2,6.0,10.6,26.9,99.5,16344.9,103.8,46.2,27978,39752,415.0,624.0,638.0,623.0,0.7,1.6,3.3,26625,2.89,13.6,13.5,5.4,6.8,7.2,2.2
2024-11-14,inputs/research_pareto/2024/11/2024-11-14_382600.pdf,False,,,,,,,27200,21300,19300,15700,20300,16200,14300,10000,,,,,22771,9535,11063,Supramax,71.9,68.0,6.0,10.6,26.9,99.0,1630.0,103.8,46.2,29022,42007,411.0,618.0,635.0,620.0,0.7,1.6,3.3,26625,2.96,13.6,13.5,5.4,6.8,7.2,2.2
2024-11-15,inputs/research_pareto/2024/11/2024-11-15_382868.pdf,False,,,,,,,26000,20100,18300,14700,20200,16100,15000,10700,,,,,24347,9585,10975,Supramax,71.7,67.8,6.0,10.6,26.9,97.5,16923.8,103.8,46.2,28910,41403,410.0,615.0,630.0,618.0,0.7,1.6,3.3,26625,2.71,13.6,14.3,5.4,6.8,7.2,2.2
2024-11-18,inputs/research_pareto/2024/11/2024-11-18_383079.pdf,False,,,,,,,27300,21400,21900,18300,20100,16000,15500,11200,,,,,26777,9570,10848,Supramax,71.3,67.1,6.0,10.6,26.9,95.5,17855.5,103.8,46.3,29225,41836,403.0,607.0,618.0,616.0,0.7,1.6,3.3,26111,2.91,13.6,14.0,5.4,6.8,7.2,2.2
2024-11-19,inputs/research_pareto/2024/11/2024-11-19_383217.pdf,False,,,,,,,31200,25300,20500,16900,19900,15800,17000,12700,,,,,26220,9485,10722,Supramax,73.4,69.2,6.0,10.6,26.9,98.0,1756.0,103.8,46.3,31096,40538,408.0,606.0,616.0,616.0,0.7,1.6,3.3,26111,2.97,14.7,14.6,5.4,6.8,7.2,2.2
2024-11-20,inputs/research_pareto/2024/11/2024-11-20_383468.pdf,False,,,,,,,29800,23900,21400,17800,19900,15800,19500,15200,,,,,23291,9200,10596,Supramax,73.4,69.4,6.0,10.6,26.9,100.0,1627.0,103.8,46.3,30084,39749,412.0,616.0,631.0,621.0,0.7,1.6,3.0,26567,3.04,14.4,14.1,5.4,6.6,7.2,2.2
2024-11-21,inputs/research_pareto/2024/11/2024-11-21_383632.pdf,False,,,,,,,29800,23900,19200,15600,20600,16500,19700,15400,,,,,23307,8906,10504,Supramax,73.3,69.3,6.0,10.6,26.9,100.0,1616.0,103.8,46.3,28656,40100,419.0,621.0,641.0,627.0,0.7,1.6,3.0,26567,3.32,14.7,14.6,5.4,6.6,7.2,2.2
2024-11-22,inputs/research_pareto/2024/11/2024-11-22_383815.pdf,False,,,,,,,30200,24300,20900,17300,21400,17300,21100,16800,,,,,22595,8615,10436,Supramax,74.4,70.5,6.0,10.6,26.9,100.5,1576.0,103.8,46.3,31709,40703,427.0,629.0,642.0,632.0,0.7,2.0,3.0,26567,3.36,15.1,15.0,5.4,6.6,7.2,2.2
2024-11-26,inputs/research_pareto/2024/11/2024-11-26_384073.pdf,False,,,,,,,29300,23400,21000,17400,21000,16900,24800,20500,,,,,21673,8278,10410,Supramax,73.3,69.1,6.0,10.6,26.9,101.0,1529.0,103.8,46.3,31792,39991,433.0,619.0,644.0,629.0,0.7,2.0,3.0,22370,3.34,15.0,14.6,5.4,6.6,7.2,2.2
2024-11-27,inputs/research_pareto/2024/11/2024-11-27_384223.pdf,False,,,,,,,28800,23000,23800,20300,20600,16700,24800,20600,,,,,23049,8167,10421,Supramax,73.2,69.1,6.0,10.6,26.9,101.0,15813.4,103.8,46.3,32073,40235,429.0,619.0,635.0,631.0,0.7,2.0,3.0,22954,3.36,14.9,14.2,5.4,0.0,7.2,2.2
2024-11-28,inputs/research_pareto/2024/11/2024-11-28_384363.pdf,False,,,,,,,28200,22400,25200,21700,22400,18500,23600,19400,,,,,21302,8060,10452,Supramax,72.6,68.5,6.0,10.6,26.9,102.5,1509.0,103.8,46.3,31459,40184,429.0,616.0,629.0,636.0,0.7,2.0,3.0,22954,3.23,15.0,14.5,5.4,6.6,7.2,2.2
2024-11-29,inputs/research_pareto/2024/11/2024-11-29_384500.pdf,False,,,,,,,29300,23500,27500,24000,23300,19400,22300,18100,,,,,19172,7914,10464,Supramax,72.8,68.6,6.1,10.6,26.9,102.5,1419.0,103.8,46.3,31417,40846,429.0,616.0,627.0,636.0,0.8,2.0,3.0,22954,3.32,15.0,14.3,5.4,6.6,7.2,2.2
2024-12-03,inputs/research_pareto/2024/12/2024-12-03_384731.pdf,False,,,,,,,28700,23000,29000,25600,23100,19300,20000,15800,,,,,16363,7743,10340,Supramax,72.2,68.4,6.1,10.6,27.0,103.0,1298.0,103.8,46.3,31262,40781,414.0,611.0,630.0,623.0,0.8,2.0,3.0,23842,3.18,15.1,15.1,5.4,6.6,7.2,2.2
2024-12-06,inputs/research_pareto/2024/12/2024-12-06_385018.pdf,False,,,,,,,38500,32900,25000,21600,21500,17700,19300,15200,,,,,,,,,71.8,68.1,7.3,10.6,27.0,103.0,1160.0,103.8,46.3,,,401.0,609.0,624.0,624.0,0.8,2.0,3.0,,3.04,15.1,14.3,5.3,6.6,4.5,2.2
2024-12-09,inputs/research_pareto/2024/12/2024-12-09_385148.pdf,False,,,,,,,38900,33300,25100,21700,21600,17800,20400,16300,,,,,12727,8270,10275,Supramax,71.5,67.6,7.3,10.6,27.0,103.0,11670.6,103.8,46.3,31096,37575,400.0,608.0,622.0,623.0,0.8,2.0,3.0,26105,3.21,15.1,14.4,5.3,6.6,4.5,2.2
2024-12-10,inputs/research_pareto/2024/12/2024-12-10_385306.pdf,False,,,,,,,38800,33200,26100,22700,21900,18100,21600,17500,,,,,12702,8377,10238,Supramax,71.9,68.1,7.3,11.9,27.0,103.5,11680.1,101.9,55.0,32706,37877,401.0,614.0,626.0,627.0,0.8,2.0,3.0,26105,3.17,15.1,13.8,5.3,6.6,4.5,2.2
2024-12-11,inputs/research_pareto/2024/12/2024-12-11_385380.pdf,False,,,,,,,38300,32700,26500,23100,21700,17900,21500,17400,,,,,12464,8355,10193,Supramax,72.4,68.8,7.3,11.9,27.0,105.0,1156.0,101.9,55.0,37043,41082,401.0,616.0,630.0,629.0,0.8,2.0,3.0,25786,3.21,15.0,13.9,5.3,6.6,4.5,2.2
2024-12-12,inputs/research_pareto/2024/12/2024-12-12_385531.pdf,False,,,,,,,38100,32500,26800,23400,21800,18000,22300,18200,,,,,11421,8142,10129,Supramax,73.7,70.4,7.3,11.9,27.0,104.0,1106.0,101.9,55.0,40459,47833,405.0,615.0,633.0,629.0,0.8,2.0,3.0,25786,3.37,15.0,13.8,5.3,6.6,4.5,2.2
2024-12-13,inputs/research_pareto/2024/12/2024-12-13_385625.pdf,False,,,,,,,37200,31600,26300,22900,21600,17800,20600,16500,,,,,10382,7850,10108,Supramax,73.5,70.1,7.3,11.9,27.0,105.5,1055.0,101.9,55.0,40459,47833,405.0,606.0,644.0,624.0,0.8,2.0,3.0,25786,3.43,15.0,13.1,5.3,6.6,4.5,2.2
2024-12-16,inputs/research_pareto/2024/12/2024-12-16_385785.pdf,False,,,,,,,36100,30500,26200,22800,21600,17800,20800,16700,,,,,10474,7619,10083,Supramax,74.3,70.9,7.3,11.9,27.0,103.5,1051.0,101.9,55.0,42082,48070,407.0,609.0,642.0,625.0,0.8,2.0,3.0,24509,3.18,14.9,12.3,5.3,6.6,4.5,2.2
2024-12-17,inputs/research_pareto/2024/12/2024-12-17_385866.pdf,False,,,,,,,37400,31800,25200,21800,21400,17600,20500,16400,,,,,11116,7460,10040,Supramax,74.1,70.8,7.3,11.9,27.0,104.0,10711.9,101.9,55.0,42520,47327,401.0,607.0,643.0,625.0,0.8,2.0,3.0,24509,3.23,12.8,12.4,5.3,6.6,4.5,2.2
2024-12-18,inputs/research_pareto/2024/12/2024-12-18_386018.pdf,False,,,,,,,38900,33300,24300,20900,21400,17600,19900,15800,,,,,10848,7291,9966,Supramax,73.4,70.3,7.3,11.9,27.0,104.0,1053.0,101.9,55.0,43446,43319,403.0,605.0,639.0,626.0,0.8,2.0,3.0,21575,3.34,13.3,13.0,5.3,6.6,4.0,2.2
2024-12-20,inputs/research_pareto/2024/12/2024-12-20_386315.pdf,False,,,,,,,38400,32600,22600,19200,21500,17700,20100,15900,,,,,8945,7345,9897,Supramax,72.6,69.1,7.3,11.9,27.0,101.5,976.0,101.9,55.0,45216,44936,400.0,600.0,638.0,623.0,0.8,2.0,3.0,21575,3.63,13.5,13.1,5.3,6.6,4.0,2.2
2025-01-03,inputs/research_pareto/2025/01/2025-01-03_386590.pdf,False,,,,,,,30400,24700,26900,23500,23300,19500,18400,14300,,,,,10459,7669,9325,Supramax,75.9,73.2,6.9,11.9,27.0,99.5,10293.2,101.9,55.0,43901,44343,442.0,627.0,662.0,629.0,0.8,2.0,2.3,23417,3.57,14.4,15.1,5.3,6.1,4.0,2.3
2025-01-06,inputs/research_pareto/2025/01/2025-01-06_386633.pdf,False,,,,,,,30000,24300,26600,23200,23200,19400,17600,13500,,,,,11407,8022,9138,Supramax,76.2,73.7,6.9,11.9,27.0,97.5,10724.2,101.9,55.0,43338,44208,451.0,622.0,676.0,627.0,0.8,2.0,2.3,25690,3.6,14.4,15.0,5.3,6.1,4.0,2.3
2025-01-07,inputs/research_pareto/2025/01/2025-01-07_386784.pdf,False,,,,,,,28900,23000,26800,23300,23100,19100,16800,12500,,,,,10696,8212,8925,Supramax,76.3,73.5,6.9,11.9,27.1,95.5,1043.0,101.9,55.0,42288,42450,456.0,619.0,666.0,629.0,0.8,2.0,2.3,25690,3.56,14.3,14.4,5.3,6.1,4.0,2.3
2025-01-08,inputs/research_pareto/2025/01/2025-01-08_386947.pdf,False,,,,,,,28700,22800,29400,25900,25200,21200,16500,12200,,,,,10102,8211,8780,Supramax,77.4,74.7,6.9,11.9,27.1,96.0,1015.0,101.9,55.0,40605,37074,452.0,619.0,662.0,628.0,0.8,2.0,2.3,28703,3.6,14.3,14.4,5.3,6.1,4.0,2.3
2025-01-09,inputs/research_pareto/2025/01/2025-01-09_387115.pdf,False,,,,,,,25800,19900,29200,25700,25000,21000,15900,11600,,,,,9123,7995,8663,Supramax,76.3,73.5,6.9,11.9,27.1,96.0,966.0,101.9,55.0,38932,37962,448.0,619.0,668.0,628.0,0.8,2.0,2.3,28703,3.61,14.2,13.8,5.3,6.1,4.0,2.3
2025-01-10,inputs/research_pareto/2025/01/2025-01-10_387294.pdf,False,,,,,,,24500,18600,28900,25400,25200,21200,16500,12200,,,,,9123,7995,8663,Supramax,76.3,73.5,6.9,11.9,27.1,96.0,966.0,101.9,55.0,38932,37962,448.0,619.0,668.0,628.0,0.8,2.0,2.3,28703,3.61,14.2,13.8,5.0,6.1,4.0,2.3
2025-01-13,inputs/research_pareto/2025/01/2025-01-13_387413.pdf,False,,,,,,,27000,20900,31500,27900,28400,24400,18000,13600,,,,,120102,7238,8313,Supramax,81.1,77.9,6.9,11.3,27.1,96.0,10488.2,112.5,52.3,38661,38007,457.0,621.0,665.0,630.0,0.8,2.0,2.3,25453,4.12,14.2,14.0,5.0,6.1,4.0,2.3
2025-01-14,inputs/research_pareto/2025/01/2025-01-14_387549.pdf,False,,,,,,,28600,22500,29400,25700,27700,23600,18100,13700,,,,,133911,6996,8198,Supramax,80.4,78.4,6.9,11.3,27.1,97.5,10934.3,112.5,52.3,39368,37850,472.0,631.0,676.0,637.0,0.8,2.0,2.3,25453,3.82,14.1,14.5,5.0,6.1,4.0,2.3
2025-01-15,inputs/research_pareto/2025/01/2025-01-15_387677.pdf,False,,,,,,,27700,21600,36600,32900,28700,24600,20300,15900,,,,,13300,6822,8058,Supramax,80.4,78.1,6.9,11.3,27.1,99.0,1080.0,112.5,52.3,38629,37210,482.0,630.0,682.0,635.0,0.8,2.0,2.3,23602,3.97,14.1,14.2,5.0,6.1,4.0,2.3
2025-01-16,inputs/research_pareto/2025/01/2025-01-16_387837.pdf,False,,,,,,,27300,21200,37600,33900,29800,25700,22200,17800,,,,,13109,6714,7869,Supramax,82.3,80.2,6.9,11.3,27.1,99.0,1063.0,112.5,52.3,39669,37214,499.0,640.0,683.0,640.0,0.8,2.0,2.3,23602,4.05,14.1,14.0,5.0,6.1,4.3,2.3
2025-01-17,inputs/research_pareto/2025/01/2025-01-17_387974.pdf,False,,,,,,,28500,22400,38300,34600,31600,27500,23700,19300,,,,,12294,6724,7629,Supramax,81.6,79.0,6.9,11.3,27.1,101.0,1023.0,112.5,52.3,39513,34940,503.0,632.0,685.0,634.0,0.8,2.0,2.3,23602,4.16,13.7,13.9,5.0,6.1,4.3,2.3
2025-01-20,inputs/research_pareto/2025/01/2025-01-20_388099.pdf,False,,,,,,,27300,21200,38000,34300,30900,26800,23800,19400,,,,,11555,6734,7403,Supramax,80.7,77.9,6.9,11.3,27.1,102.5,987.0,112.5,52.4,39648,34549,508.0,632.0,682.0,637.0,0.8,2.0,2.3,19657,3.8,13.8,14.1,5.0,6.1,4.3,2.3
2025-01-21,inputs/research_pareto/2025/01/2025-01-21_388219.pdf,False,,,,,,,26000,19900,36200,32500,28400,24300,22600,18200,,,,,11008,6700,7155,Supramax,79.9,77.2,6.9,11.3,27.1,102.5,957.0,112.5,52.4,39201,33958,508.0,632.0,677.0,637.0,0.8,2.0,3.2,19657,3.9,13.8,14.5,5.0,7.1,4.3,2.3
2025-01-22,inputs/research_pareto/2025/01/2025-01-22_388375.pdf,False,,,,,,,26500,20200,32600,28900,25400,21500,23100,18700,,,,,,,,,79.1,75.5,6.9,11.3,27.1,103.0,928.0,112.5,52.4,,,481.0,624.0,678.0,634.0,0.8,2.0,3.2,,3.78,14.4,15.2,5.0,7.1,4.3,2.3
2025-01-24,inputs/research_pareto/2025/01/2025-01-24_388653.pdf,False,,,,,,,24900,18700,29900,26300,24900,21000,22000,17700,,,,,8967,5903,6227,Supramax,78.4,74.6,6.9,11.3,27.1,102.5,824.0,112.5,52.4,27075,33160,474.0,628.0,671.0,635.0,0.8,1.9,3.2,18581,3.86,14.0,15.2,5.0,7.1,4.3,2.3
2025-01-27,inputs/research_pareto/2025/01/2025-01-27_388806.pdf,False,,,,,,,23600,17400,28800,25200,24500,20600,21000,16700,,,,,8156,5633,6044,Supramax,78.1,74.1,6.9,11.3,27.1,104.0,778.0,112.5,52.4,28016,33049,473.0,625.0,674.0,631.0,0.8,1.9,3.2,12010,3.77,14.1,15.0,5.0,7.1,4.3,2.3
2025-01-29,inputs/research_pareto/2025/01/2025-01-29_389198.pdf,False,,,,,,,24900,18700,28000,24400,22900,19100,19000,14700,,,,,7725,5400,5787,Supramax,77.6,73.9,6.9,11.3,27.1,104.0,746.0,112.5,52.4,30289,33382,453.0,627.0,664.0,634.0,0.8,1.9,3.2,8326,3.38,14.0,15.0,5.0,7.1,4.3,2.3
2025-01-30,inputs/research_pareto/2025/01/2025-01-30_389531.pdf,False,,,,,,,25000,18800,27000,23400,22600,18800,18400,14100,,,,,7725,5400,5787,Supramax,77.6,73.9,6.9,11.3,27.1,104.0,746.0,112.5,52.4,30289,33382,453.0,627.0,664.0,634.0,0.8,1.9,3.2,8326,3.38,14.0,15.0,5.0,7.1,4.3,2.3
2025-01-31,inputs/research_pareto/2025/01/2025-01-31_389701.pdf,False,,,,,,,25000,19000,27100,23600,22800,19000,18500,14200,,,,,6977,5563,5612,Supramax,77.3,73.3,6.4,11.3,27.1,104.0,715.0,112.5,52.4,32217,33275,463.0,629.0,664.0,635.0,1.2,1.9,3.2,8326,3.06,14.2,15.8,5.0,7.1,4.3,2.3
2025-02-03,inputs/research_pareto/2025/02/2025-02-03_389957.pdf,False,,,,,,,25000,19000,27000,23400,22500,18600,18600,14400,,,,,7252,5863,5594,Supramax,76.4,73.9,6.4,11.3,27.1,104.0,7352.8,112.5,52.4,30165,33229,466.0,628.0,665.0,634.0,1.2,1.9,3.2,7332,3.28,14.4,16.0,5.0,7.1,4.3,2.3
2025-02-04,inputs/research_pareto/2025/02/2025-02-04_390125.pdf,False,,,,,,,24800,18800,26800,23200,20800,16900,19700,15500,,,,,7144,6133,5575,Supramax,75.3,72.0,6.4,11.3,27.0,104.0,7380.4,112.5,52.4,29747,28995,476.0,615.0,657.0,629.0,1.2,1.9,3.2,7332,3.23,14.4,16.0,5.0,7.1,4.3,2.3
2025-02-05,inputs/research_pareto/2025/02/2025-02-05_390425.pdf,False,,,,,,,24700,18700,22200,18600,20500,16600,20100,15900,,,,,6998,67761,5615,Supramax,75.8,72.4,6.4,11.3,27.0,104.0,7532.0,112.5,52.4,28846,27419,474.0,619.0,652.0,633.0,1.2,1.9,3.2,99333,3.19,14.5,15.9,5.0,7.1,4.3,2.3
2025-02-06,inputs/research_pareto/2025/02/2025-02-06_390800.pdf,False,,,,,,,24900,18900,20700,17100,20600,16700,21100,16900,,,,,6734,75591,5789,Supramax,74.8,71.4,6.9,11.3,27.0,102.5,7712.4,112.5,52.4,28484,27207,468.0,611.0,665.0,626.0,1.2,1.9,3.2,9933,3.35,14.4,16.4,5.0,7.1,4.3,2.3
2025-02-07,inputs/research_pareto/2025/02/2025-02-07_391214.pdf,False,,,,,,,25900,19900,21000,17400,20300,16400,21100,16900,,,,,6733,7923,6174,Supramax,74.8,71.1,6.9,11.3,27.0,104.5,7932.9,112.5,52.4,28265,26744,476.0,610.0,661.0,630.0,1.2,1.9,3.2,9933,3.38,14.5,16.4,6.4,7.1,4.3,2.3
2025-02-10,inputs/research_pareto/2025/02/2025-02-10_391429.pdf,False,,,,,,,25700,19800,21400,17900,21000,17200,21300,17100,,,,,6964,7982,6519,Supramax,75.2,71.5,6.9,11.3,27.0,105.5,8152.8,112.5,52.4,27411,26387,482.0,607.0,669.0,626.0,1.2,1.9,3.2,9595,3.42,14.7,16.9,6.4,7.1,4.3,2.3
2025-02-11,inputs/research_pareto/2025/02/2025-02-11_391732.pdf,False,,,,,,,26600,20700,22200,18700,21000,17200,20900,16700,,,,,6716,7912,8770,Supramax,76.4,72.8,6.9,11.3,27.0,105.5,809.0,112.5,52.4,26357,26388,490.0,614.0,672.0,625.0,1.2,1.9,3.2,9595,3.49,14.8,17.3,6.4,7.1,4.3,2.3
2025-02-12,inputs/research_pareto/2025/02/2025-02-12_392064.pdf,False,,,,,,,26000,20100,23200,19700,21000,17200,20000,15800,,,,,6458,7765,8976,Supramax,76.8,73.1,6.9,11.3,27.0,104.5,801.0,112.5,52.4,26519,26565,490.0,614.0,676.0,614.0,1.2,1.9,3.2,110911,3.49,14.9,17.2,6.4,7.1,4.3,2.3
2025-02-13,inputs/research_pareto/2025/02/2025-02-13_392528.pdf,False,,,,,,,25600,19700,26400,22900,22000,18200,19100,14900,,,,,5899,7512,9146,Supramax,74.5,70.6,6.9,11.3,27.0,106.5,776.0,112.5,52.4,25692,26199,480.0,611.0,677.0,608.0,1.2,1.9,3.2,11091,3.69,14.9,17.0,6.4,7.1,4.3,2.3
2025-02-14,inputs/research_pareto/2025/02/2025-02-14_393148.pdf,False,,,,,,,25900,20000,27400,23900,22400,18600,19600,15400,,,,,5900,7429,9366,Supramax,75.2,71.4,6.9,11.3,27.0,105.0,7800.5,112.5,52.4,25343,26086,479.0,603.0,664.0,603.0,1.2,1.9,3.2,11091,3.71,14.9,15.8,6.4,7.1,4.3,2.3
2025-02-17,inputs/research_pareto/2025/02/2025-02-17_393359.pdf,False,,,,,,,26200,20300,26700,23200,22300,18500,20700,16500,,,,,5939,7483,9668,Supramax,74.8,70.7,6.9,11.3,27.0,105.0,7921.5,112.5,52.4,22891,26391,476.0,600.0,677.0,602.0,1.2,1.9,3.2,10534,3.62,15.0,15.5,6.4,7.1,4.3,2.3
2025-02-18,inputs/research_pareto/2025/02/2025-02-18_393530.pdf,False,,,,,,,27200,21300,27500,24000,22400,18600,22500,18300,,,,,6009,7640,9878,Supramax,75.5,71.5,6.9,11.3,27.0,104.5,8061.8,112.5,52.4,23031,26365,476.0,600.0,672.0,602.0,1.2,1.9,3.2,10534,3.59,15.0,14.8,6.4,7.1,4.3,2.3
2025-02-19,inputs/research_pareto/2025/02/2025-02-19_393868.pdf,False,,,,,,,27500,21600,24700,21200,22900,19100,22800,18600,,,,,6282,8039,10273,Supramax,76.4,72.3,6.9,11.3,27.0,105.5,8414.3,112.5,52.4,26904,26460,472.0,607.0,669.0,606.0,1.2,1.9,3.2,10251,4.04,14.6,15.4,6.4,7.1,4.4,2.3
2025-02-20,inputs/research_pareto/2025/02/2025-02-20_394122.pdf,False,,,,,,,27700,21700,24400,20800,22800,19000,23100,18900,,,,,71871,8596,10606,Supramax,76.1,72.0,6.9,11.3,27.0,105.5,9047.5,112.5,52.4,23799,26767,471.0,610.0,670.0,608.0,1.2,1.9,3.2,10251,4.23,14.1,14.5,6.4,7.1,4.4,2.3
2025-02-21,inputs/research_pareto/2025/02/2025-02-21_394308.pdf,False,,,,,,,28300,22300,24700,21100,22700,18900,22800,18600,,,,,7603,8963,10946,Supramax,76.3,72.3,6.9,11.3,27.0,107.0,9414.1,112.5,52.4,25305,26770,477.0,609.0,671.0,609.0,1.2,1.9,3.2,10251,4.34,14.3,14.6,6.4,7.1,4.4,2.3
2025-02-24,inputs/research_pareto/2025/02/2025-02-24_394542.pdf,False,,,,,,,28300,22300,24900,21300,23500,19700,22500,18300,,,,,8216,9191,11205,Supramax,74.4,70.3,6.9,11.3,27.0,107.5,9814.3,112.5,52.4,26396,26559,474.0,604.0,670.0,604.0,1.2,1.8,3.2,7980,4.01,14.2,14.5,6.4,7.1,4.4,2.3
2025-02-25,inputs/research_pareto/2025/02/2025-02-25_394717.pdf,False,,,,,,,28700,22700,25500,21900,23700,19900,21400,17200,,,,,8620,9259,11310,Supramax,75.0,70.9,6.9,11.3,27.0,106.5,10022.1,112.5,52.4,27094,26840,472.0,604.0,661.0,606.0,1.2,1.8,3.2,7980,4.0,14.3,14.5,6.4,7.1,4.4,2.3
2025-02-26,inputs/research_pareto/2025/02/2025-02-26_394926.pdf,False,,,,,,,27000,21000,27100,23500,24000,20200,21200,17000,,,,,96121,9064,11432,Supramax,73.1,69.0,6.9,11.3,27.0,105.0,10393.7,112.5,52.4,27049,26507,479.0,598.0,668.0,604.0,1.2,1.8,3.2,88251,4.19,13.9,13.6,6.4,7.1,4.4,2.3
2025-02-27,inputs/research_pareto/2025/02/2025-02-27_395175.pdf,False,,,,,,,26700,20700,26500,22900,24400,20600,20700,16500,,,,,115842,8820,11466,Supramax,72.6,68.7,6.9,11.3,27.0,104.5,11127.0,112.5,52.4,25887,26672,495.0,599.0,661.0,604.0,1.2,1.8,3.2,8825,3.93,13.5,12.9,6.4,7.1,4.4,2.3
2025-03-03,inputs/research_pareto/2025/03/2025-03-03_395652.pdf,False,,,,,,,29300,23300,25200,21600,24000,20200,20000,15800,,,,,15074,8233,11309,Supramax,72.9,69.9,5.9,11.3,27.0,102.5,12296.0,112.5,52.4,26414,29633,503.0,597.0,659.0,615.0,1.0,1.8,3.2,,3.81,13.9,14.4,6.4,7.1,4.4,2.3
2025-03-04,inputs/research_pareto/2025/03/2025-03-04_395774.pdf,False,,,,,,,30500,24500,26000,22400,22900,19100,19900,15700,,,,,16424,8068,11218,Supramax,71.1,68.0,5.9,11.3,27.4,99.0,12763.8,112.5,52.4,26633,29755,466.0,586.0,647.0,592.0,1.0,1.8,3.2,19259,4.08,14.0,13.9,6.4,7.1,4.4,2.3
2025-03-06,inputs/research_pareto/2025/03/2025-03-06_395943.pdf,False,,,,,,,28500,22500,27300,23700,23500,19700,21600,17400,,,,,15711,7667,10977,Supramax,69.7,66.8,5.8,11.3,27.4,98.5,1228.0,112.5,52.4,28207,29449,440.0,572.0,630.0,581.0,1.0,1.8,3.2,19308,4.37,13.7,13.2,6.6,7.1,4.4,2.3
2025-03-07,inputs/research_pareto/2025/03/2025-03-07_396063.pdf,False,,,,,,,27000,21000,27300,23700,24000,20200,22700,18500,,,,,17267,7595,10923,Supramax,69.6,66.4,5.8,11.3,27.4,99.0,12864.7,112.5,52.4,29070,29604,443.0,575.0,622.0,581.0,1.0,1.8,3.2,19308,4.24,13.7,12.1,6.6,7.1,4.4,2.3
2025-03-10,inputs/research_pareto/2025/03/2025-03-10_396173.pdf,False,,,,,,,26400,20400,27200,23600,24000,20200,23000,18800,,,,,20084,7615,10923,Supramax,70.4,67.0,5.8,11.3,27.4,99.0,14008.9,112.5,52.4,28873,29422,445.0,578.0,619.0,584.0,1.0,1.8,3.2,19389,4.65,13.8,12.6,6.6,7.1,4.4,2.3
2025-03-11,inputs/research_pareto/2025/03/2025-03-11_396262.pdf,False,,,,,,,26700,20700,27700,24100,23800,20000,23200,19000,,,,,20554,7786,10927,Supramax,69.5,66.1,5.8,11.3,27.4,98.5,14241.7,112.5,52.4,25508,28341,432.0,576.0,628.0,584.0,1.0,1.8,3.2,19389,4.5,13.8,13.1,6.6,7.1,4.4,2.3
2025-03-12,inputs/research_pareto/2025/03/2025-03-12_396413.pdf,False,,,,,,,26300,20300,27600,24000,24800,21000,22800,18600,,,,,20514,8242,10924,Supramax,69.5,66.2,5.8,11.3,27.4,99.5,14360.8,112.5,52.4,28103,29107,438.0,577.0,627.0,585.0,1.0,1.8,3.2,19347,4.34,13.7,13.6,6.6,7.1,4.4,2.3
2025-03-13,inputs/research_pareto/2025/03/2025-03-13_396523.pdf,False,,,,,,,25400,19400,30200,26600,25900,22100,23100,18900,,,,,22884,90851,11026,Supramax,70.9,67.6,5.8,11.3,27.4,98.8,15598.6,112.5,52.4,33009,38697,443.0,585.0,632.0,592.0,1.0,1.8,3.2,19347,4.06,13.7,13.5,6.6,7.1,4.4,2.3
2025-03-14,inputs/research_pareto/2025/03/2025-03-14_396665.pdf,False,,,,,,,25300,19700,31000,27800,27800,24300,22500,18700,,,,,23992,103641,11308,Supramax,70.6,67.3,5.8,11.3,27.4,100.8,16505.8,112.5,52.4,36002,38874,442.0,581.0,636.0,592.0,1.0,1.8,3.2,19347,4.06,13.7,13.4,6.6,7.1,4.4,2.3
2025-03-17,inputs/research_pareto/2025/03/2025-03-17_396773.pdf,False,41900,36800,,,43200,40700,26100,20600,32900,29700,27800,24300,22800,18900,,,,,23697,10951,11752,Supramax,71.1,67.7,5.8,11.3,27.4,101.5,16691.2,112.5,52.4,36787,39137,445.0,585.0,638.0,595.0,1.0,1.8,3.2,21218,4.18,13.6,13.4,6.6,7.1,4.4,2.3
2025-03-19,inputs/research_pareto/2025/03/2025-03-19_396913.pdf,False,45400,40400,,,42100,39600,27100,21600,36500,33300,31800,28400,25400,21600,,,,,22507,11307,12347,Supramax,70.1,66.5,5.8,11.2,27.4,100.5,1650.0,94.2,34.4,37899,39546,443.0,585.0,637.0,593.0,1.0,1.8,3.2,22421,4.1,13.1,13.1,6.6,7.1,4.4,2.3
2025-03-20,inputs/research_pareto/2025/03/2025-03-20_397092.pdf,False,54100,49100,,,40400,37900,27800,22300,36200,33000,31700,28300,26100,22300,,,,,22170,11060,12625,Supramax,71.2,67.6,5.8,11.2,27.4,99.5,1637.0,94.2,34.4,42112,40370,450.0,585.0,631.0,596.0,1.0,1.8,2.8,22421,4.19,13.8,13.8,6.6,6.1,4.4,2.3
2025-03-21,inputs/research_pareto/2025/03/2025-03-21_397236.pdf,False,47000,42000,,,36100,33600,29700,24200,36700,33500,31500,28100,26700,22900,,,,,22139,10881,12764,Supramax,72.1,68.2,5.8,11.2,27.4,100.0,1635.0,94.2,34.4,,,458.0,594.0,635.0,608.0,1.0,1.5,2.6,,3.91,13.5,14.2,6.6,4.5,3.3,2.3
2025-03-24,inputs/research_pareto/2025/03/2025-03-24_397331.pdf,False,48500,43500,,,39900,37400,30600,25100,36500,33300,31300,27900,27000,23200,,,,,22190,11043,12787,Supramax,72.2,68.3,5.8,11.2,27.4,99.2,16430.5,94.2,34.4,46093,42425,475.0,596.0,635.0,611.0,1.0,1.5,2.6,24350,3.96,13.4,13.5,6.6,4.5,3.3,2.3
2025-03-25,inputs/research_pareto/2025/03/2025-03-25_397500.pdf,False,48500,43500,,,40100,37600,31900,26400,37200,34000,31400,28000,26700,22900,,,,,22311,11168,12802,Supramax,72.9,69.0,5.8,11.2,27.4,101.2,16520.5,94.2,34.4,47579,42416,489.0,598.0,637.0,613.0,1.0,1.5,2.6,24350,3.93,13.4,13.5,6.6,4.5,3.3,2.3
2025-03-26,inputs/research_pareto/2025/03/2025-03-26_397646.pdf,False,44800,39800,,,42000,39500,34900,29400,35500,32300,31500,28100,26400,22600,,,,,21810,11467,12835,Supramax,73.2,69.3,5.8,11.2,27.4,101.2,1642.0,94.2,34.4,47121,39444,480.0,601.0,637.0,612.0,1.0,1.5,2.6,22319,3.9,13.2,13.1,6.6,4.5,3.3,2.3
2025-03-27,inputs/research_pareto/2025/03/2025-03-27_397774.pdf,False,45100,40100,,,42800,40300,39600,34100,33700,30500,29400,26000,25800,22000,,,,,21402,11772,12823,Supramax,73.7,69.6,5.8,11.2,27.4,101.0,1634.0,94.2,34.4,47121,39444,481.0,612.0,637.0,614.0,1.0,1.5,2.6,22319,3.74,13.2,12.9,6.6,4.5,3.3,2.3
2025-03-28,inputs/research_pareto/2025/03/2025-03-28_397964.pdf,False,41500,36500,,,44700,42200,46400,40900,33000,29800,27300,23900,25000,21200,,,,,20957,12023,12728,Supramax,73.7,69.6,5.8,11.2,27.4,102.0,1621.0,94.2,34.4,40626,37447,473.0,614.0,641.0,615.0,1.0,1.5,2.6,22319,3.91,13.2,12.9,6.6,4.5,3.3,2.3
2025-03-31,inputs/research_pareto/2025/03/2025-03-31_398092.pdf,False,40300,35300,,,42900,40400,46100,40600,32300,29100,27100,23700,24300,20500,,,,,20503,12138,12576,Supramax,73.6,69.4,6.2,11.2,27.4,101.5,1602.0,94.2,34.4,37238,38492,473.0,617.0,644.0,615.0,0.9,1.5,2.6,20982,4.2,13.1,12.9,6.6,4.5,3.3,2.3
2025-04-04,inputs/research_pareto/2025/04/2025-04-04_398668.pdf,False,38700,33600,,,39800,37300,48800,43100,33500,30200,27700,24200,20100,16200,,,,,19383,11840,12303,Supramax,69.6,66.4,6.5,11.2,27.4,101.0,1540.0,94.2,34.4,41720,40275,453.0,568.0,609.0,597.0,0.9,1.5,2.6,20685,4.11,13.1,12.7,6.6,4.5,3.3,2.3
2025-04-07,inputs/research_pareto/2025/04/2025-04-07_398876.pdf,False,39400,34500,,,40500,38100,48100,42700,33400,30200,27500,24100,20300,16500,,,,,18404,11488,12278,Supramax,63.3,59.7,6.5,11.2,27.4,101.0,1489.0,94.2,34.4,40252,37747,406.0,505.0,584.0,594.0,0.9,1.5,2.6,20071,3.75,12.9,11.0,6.6,4.5,3.3,2.3
2025-04-08,inputs/research_pareto/2025/04/2025-04-08_398974.pdf,False,39400,34500,,,46600,44200,47800,42400,3370,3050,27100,23700,2040,1660,,,,,16728,10865,12195,Supramax,64.91,61.41,6.5,11.2,27.4,98.5,1401.0,94.2,34.4,34628,33598,398.0,479.0,527.0,574.0,0.9,1.5,2.6,20071,3.68,12.8,11.94,5.9,4.5,3.3,2.3
2025-04-09,inputs/research_pareto/2025/04/2025-04-09_399482.pdf,False,38100,33200,,,45900,43500,4840,4300,32400,29200,26500,23100,20200,16400,,,,,15881,10165,12058,Supramax,61.2,57.9,6.5,11.2,27.4,95.5,1342.0,94.2,34.4,25774,27105,370.0,464.0,5372.0,572.0,0.9,1.5,2.6,18209,3.49,12.8,11.2,5.9,4.5,3.3,2.3
2025-04-10,inputs/research_pareto/2025/04/2025-04-10_399689.pdf,False,3880,3390,,,4860,4620,5040,4500,31300,28100,29400,26000,2070,1690,,,,,14367,9488,11978,Supramax,64.8,61.8,6.5,11.2,27.4,93.5,1259.0,94.2,34.4,13571,14308,359.0,417.0,518.0,554.0,0.9,1.5,2.6,18209,3.7,12.7,10.91,5.9,4.5,3.3,2.3
2025-04-14,inputs/research_pareto/2025/04/2025-04-14_400324.pdf,False,3750,3270,,,4980,4750,5200,4680,2960,2650,2580,2250,2130,1770,,,,,14952,9337,11871,Supramax,64.6,61.3,6.5,12.2,27.4,95.51,12740.4,94.0,38.7,23703,28172,4072.4,4774.5,5460.0,5590.5,0.9,1.5,2.6,20366,3.48,12.5,11.2,5.9,4.5,3.3,2.3
2025-04-22,inputs/research_pareto/2025/04/2025-04-22_401447.pdf,False,50000,45400,,,50500,48200,51100,45900,2810,2510,24000,20800,20200,16600,,,,,13913,10124,12006,Supramax,66.7,63.5,6.5,12.2,27.4,97.51,12611.6,94.0,38.7,38022,39461,4470.0,517.0,5722.8,5790.1,0.9,1.5,2.9,20201,3.04,12.1,12.1,5.9,5.0,4.3,2.3
2025-04-23,inputs/research_pareto/2025/04/2025-04-23_401958.pdf,False,47800,43200,,,5220,4990,48500,43300,26200,23200,23800,20600,18900,15300,,,,,13774,10293,12053,Supramax,68.21,64.4,6.5,12.2,27.4,97.0,12610.0,94.0,38.7,37678,38701,4550.0,511.0,5750.5,5973.1,0.9,1.5,2.9,21453,3.03,11.8,11.4,5.9,5.0,4.3,2.3
2025-04-24,inputs/research_pareto/2025/04/2025-04-24_402759.pdf,False,55000,50400,,,52100,49800,46700,41500,2710,2410,2600,22800,18500,14900,,,,,13774,10293,12053,Supramax,68.21,64.4,6.5,12.2,27.4,97.0,12610.0,94.0,38.7,37678,38701,4550.0,511.0,5750.5,5973.1,0.9,1.5,2.9,21453,3.03,11.8,11.4,5.9,5.0,4.3,2.3
2025-04-25,inputs/research_pareto/2025/04/2025-04-25_403487.pdf,False,5670,5200,,,5570,5340,45800,40600,2920,2610,2690,2360,1870,1510,,,,,15307,11009,12334,Supramax,66.9,63.2,6.5,12.2,27.4,98.5,13534.1,94.0,38.7,35002,37243,4650.0,5192.4,582.0,591.0,0.9,1.5,2.9,21453,2.91,11.5,11.2,5.9,5.0,4.3,2.3
2025-04-28,inputs/research_pareto/2025/04/2025-04-28_404026.pdf,False,5880,5410,,,5690,5460,45500,40300,29000,25900,26600,23300,18100,14500,,,,,15667,11192,12351,Supramax,67.3,63.4,6.5,12.2,27.4,96.5,13731.5,94.0,38.7,33527,37683,4875.3,5332.6,5820.0,5920.2,0.9,1.5,2.9,27128,2.95,11.3,10.81,5.9,5.0,4.3,2.3
2025-04-29,inputs/research_pareto/2025/04/2025-04-29_404925.pdf,False,58800,54000,,,55700,53400,45200,40100,27500,24400,25800,22500,17700,14100,,,,,16420,11219,12330,Supramax,65.2,61.4,6.5,12.2,27.4,97.0,14032.2,94.0,38.7,32541,37562,4982.1,522.0,578.0,591.0,0.9,1.5,2.9,27128,3.355,11.3,10.7,5.9,5.0,4.3,2.3
2025-04-30,inputs/research_pareto/2025/04/2025-04-30_406010.pdf,False,58000,53200,,,54000,51700,43900,38800,27500,24400,25200,21900,17100,13500,,,,,16408,11168,12224,Supramax,63.5,59.7,5.6,12.2,27.4,97.0,1398.0,94.0,38.7,32104,38153,5163.7,515.0,573.0,6093.1,1.2,1.5,2.9,26180,3.38,11.2,10.6,5.9,5.0,4.3,2.3
2025-05-02,inputs/research_pareto/2025/05/2025-05-02_406430.pdf,False,53000,48600,,,5150,4930,4440,3950,2800,2510,2550,2240,17200,1370,,,,,16947,11026,12080,Supramax,62.2,59.3,5.5,12.2,27.2,95.5,14111.8,94.0,38.7,,,382.0,506.0,564.0,567.0,1.2,1.9,2.9,,3.43,11.3,10.8,5.9,5.0,4.3,2.3
2025-05-05,inputs/research_pareto/2025/05/2025-05-05_406782.pdf,False,52800,48300,,,40800,38500,40100,35100,27700,24800,25100,21900,17000,13500,,,,,17241,10974,12077,Supramax,59.7,56.7,5.5,12.2,27.2,95.5,14210.7,94.0,38.7,32103,38244,3860.0,5070.1,558.0,5670.0,1.2,1.9,2.9,28982,3.691,11.3,11.01,5.9,5.0,4.3,2.3
2025-05-06,inputs/research_pareto/2025/05/2025-05-06_407274.pdf,False,5280,4830,,,4080,3850,4010,3510,2770,2480,2510,2190,1700,1350,,,,,17241,10974,12077,Supramax,61.41,58.21,5.5,12.2,27.2,95.5,14210.7,94.0,38.7,32103,38244,3730.7,499.0,547.0,564.0,1.2,1.9,2.9,28982,3.621,11.3,11.0,5.9,5.0,4.3,2.3
2025-05-07,inputs/research_pareto/2025/05/2025-05-07_407901.pdf,False,51100,46600,,,37900,35600,37400,32400,25400,22500,23800,20600,16800,13300,,,,,16897,10902,12097,Supramax,62.7,59.71,5.5,12.2,27.2,95.5,1406.0,94.0,38.7,33475,37496,3730.7,5030.9,5551.5,5731.6,1.2,1.9,2.9,29515,3.573,11.3,11.6,5.9,5.0,4.3,2.3
2025-05-08,inputs/research_pareto/2025/05/2025-05-08_408757.pdf,False,43500,39000,,,37600,35300,36100,31100,24300,21400,23500,20300,16600,13100,,,,,16050,10921,12151,Supramax,61.6,58.61,5.5,12.2,27.2,97.01,1374.0,94.0,38.7,35092,37401,367.0,502.0,5621.3,573.0,1.2,1.9,2.9,29515,3.64,11.4,11.5,5.9,5.0,4.3,2.3
2025-05-09,inputs/research_pareto/2025/05/2025-05-09_409324.pdf,False,4390,3940,,,3800,3570,33500,28500,24100,21200,2380,2060,1670,1320,,,,,14532,10933,12230,Supramax,63.4,60.4,5.5,11.7,27.2,95.5,1316.0,103.1,37.8,38245,37570,3752.3,5091.4,555.0,5750.5,1.2,1.9,2.9,29515,3.631,11.5,11.8,5.2,5.0,4.3,2.3
2025-05-13,inputs/research_pareto/2025/05/2025-05-13_410458.pdf,False,41500,36800,,,34200,31900,31200,26100,2410,2090,2350,2010,16800,13100,,,,,14354,10739,12258,Supramax,64.7,61.8,5.5,11.7,27.2,98.02,13040.4,103.1,37.8,42715,43587,4030.0,5505.9,5682.4,572.0,1.2,1.9,2.9,29104,3.691,11.4,11.4,5.2,5.0,4.3,2.3
2025-05-14,inputs/research_pareto/2025/05/2025-05-14_410751.pdf,False,4250,3780,,,3590,3360,3130,2620,2630,23100,2430,2090,1700,1330,,,,,13859,10508,12344,Supramax,66.3,63.4,5.5,11.7,27.2,98.0,,103.1,37.8,44597,45597,4081.4,5520.5,5751.3,5791.3,1.2,1.9,2.9,27011,3.59,11.5,11.7,5.2,5.0,4.3,2.3
2025-05-15,inputs/research_pareto/2025/05/2025-05-15_411476.pdf,False,41300,36600,,,33400,31100,30300,25200,2640,2320,23900,20500,16900,13200,,,,,13670,10318,12348,Supramax,64.6,61.7,5.5,11.7,27.2,100.02,1267.0,103.1,37.8,49159,48029,4151.5,5550.4,5912.7,5840.9,1.2,1.9,2.9,27011,3.45,11.5,11.51,5.2,5.0,4.3,2.3
2025-05-16,inputs/research_pareto/2025/05/2025-05-16_411990.pdf,False,48100,43400,,,3550,3320,29400,24300,31700,28500,27200,23800,1790,1420,,,,,14691,10249,12327,Supramax,64.2,61.4,5.5,11.7,27.2,100.0,,103.1,37.8,53026,48550,408.0,545.0,571.0,5860.2,1.2,1.9,2.9,27011,3.34,11.5,11.6,5.2,5.0,4.3,2.3
2025-05-19,inputs/research_pareto/2025/05/2025-05-19_412332.pdf,False,47600,42800,,,3570,3330,28900,23600,31500,28300,26700,23300,1930,1550,,,,,16736,10272,12358,Supramax,65.1,62.1,5.5,11.7,27.2,99.0,,103.1,37.8,54719,48492,4080.0,5460.2,565.0,5860.1,1.2,1.9,2.9,26212,3.24,11.93,11.5,5.2,5.0,4.0,2.3
2025-05-20,inputs/research_pareto/2025/05/2025-05-20_412712.pdf,False,46200,41400,,,35400,33000,2950,2420,3260,2940,2690,2350,2020,1640,,,,,15656,10299,12388,Supramax,65.3,62.7,5.5,11.7,27.2,98.5,,103.1,37.8,61775,49430,4020.0,540.0,5690.7,585.0,1.2,1.9,3.2,26212,3.13,12.0,11.6,5.2,4.6,4.0,2.3
2025-05-21,inputs/research_pareto/2025/05/2025-05-21_413071.pdf,False,45100,40300,,,35300,32900,2950,2420,3360,3040,2860,2520,22900,19100,,,,,15454,10310,12411,Supramax,66.51,63.1,5.5,11.7,27.2,98.5,,103.1,37.8,60632,49145,4010.0,534.0,5700.1,584.0,1.2,1.9,3.2,26076,3.38,12.54,12.3,5.2,4.6,4.0,2.3
2025-05-22,inputs/research_pareto/2025/05/2025-05-22_413360.pdf,False,44700,39900,,,33200,30800,28400,23100,3400,3080,2890,2550,2320,1940,,,,,15383,10236,12489,Supramax,64.9,61.6,5.5,11.7,27.2,98.5,,103.1,37.8,59084,49285,4010.0,534.0,5771.2,5880.7,1.2,1.9,3.2,26076,3.36,12.5,12.1,5.2,4.6,4.0,2.3
2025-05-26,inputs/research_pareto/2025/05/2025-05-26_413765.pdf,False,43200,38500,,,3070,2830,27900,22600,33600,30500,2920,2580,22100,18400,,,,,15757,9882,12426,Supramax,65.0,61.8,5.5,11.7,27.2,97.0,,103.1,37.8,52203,45143,3950.5,5330.7,560.0,5920.5,1.2,1.6,3.2,25802,3.32,12.51,12.2,5.2,4.6,4.0,2.3
2025-05-27,inputs/research_pareto/2025/05/2025-05-27_414149.pdf,False,4320,3850,,,3070,2830,2790,2260,3360,3050,2920,2580,2210,1840,,,,,15757,9882,12426,Supramax,64.6,61.4,5.5,11.7,27.2,95.5,,103.1,37.8,52203,45143,3950.5,5330.7,5661.0,5920.5,1.2,1.6,3.2,25802,3.3,12.5,12.4,5.2,4.6,4.0,2.3
2025-05-28,inputs/research_pareto/2025/05/2025-05-28_414424.pdf,False,40200,35500,,,30600,28200,26300,21000,33000,29900,28600,25200,21700,18000,,,,,15005,9533,12314,Supramax,64.3,61.1,5.5,11.7,27.2,94.5,,103.1,37.8,50354,43840,393.0,5360.5,5670.2,5930.2,1.2,1.6,3.2,25609,3.441,12.5,12.1,5.2,4.6,4.0,2.3
2025-05-30,inputs/research_pareto/2025/05/2025-05-30_414692.pdf,False,33700,28900,,,27300,24900,23500,18100,28700,25600,26300,22900,2350,1980,,,,,17074,8899,12089,Supramax,63.9,60.7,6.4,11.7,27.2,95.51,,103.1,37.8,52795,46688,391.0,534.0,5701.2,6000.6,0.7,1.6,3.2,25609,3.53,12.3,11.7,5.2,4.6,4.0,2.3
2025-06-02,inputs/research_pareto/2025/06/2025-06-02_414831.pdf,False,32800,28100,,,2980,2740,27200,21900,2960,2650,26200,22900,2380,2010,,,,,18885,8736,12026,Supramax,64.3,62.52,6.4,11.7,27.2,94.0,,103.1,37.8,53470,47454,387.0,531.0,559.0,597.0,0.7,1.6,3.2,25341,3.542,12.2,11.41,5.2,4.6,4.0,2.2
2025-06-03,inputs/research_pareto/2025/06/2025-06-03_415047.pdf,False,30500,25800,,,3270,30300,31600,26300,3000,2690,2650,2320,23000,19300,,,,,19071,8631,12015,Supramax,64.7,62.7,6.4,11.7,27.2,94.0,,103.1,37.8,54094,47966,3870.0,527.0,5620.5,576.0,0.7,1.6,3.2,25341,3.741,12.31,11.7,5.2,4.6,4.0,2.2
2025-06-05,inputs/research_pareto/2025/06/2025-06-05_415452.pdf,False,24400,19700,,,3670,3430,3480,2950,2910,2600,2710,23800,20100,16400,,,,,19350,8637,11908,Supramax,65.5,63.3,6.3,11.7,27.5,93.0,,103.1,37.8,54042,49631,380.0,5320.9,5620.0,5821.0,0.7,1.6,3.2,23318,3.69,12.3,12.0,5.4,4.6,4.0,2.2
2025-06-06,inputs/research_pareto/2025/06/2025-06-06_415633.pdf,False,2460,1990,,,35700,33300,34300,29000,2920,2610,2720,2390,2050,1680,,,,,23592,9563,11832,Supramax,65.2,63.2,6.3,11.7,27.5,93.0,,103.1,37.8,54198,51372,3834.0,5270.2,557.0,5810.3,0.7,1.6,3.2,23318,3.7,12.4,12.2,5.4,4.6,4.0,2.2
2025-06-10,inputs/research_pareto/2025/06/2025-06-10_415826.pdf,False,2550,2070,,,33400,31000,32300,27000,26500,23400,25400,22000,2000,1630,,,,,24961,10042,11707,Supramax,67.2,65.4,6.3,11.0,27.5,93.0,,98.1,36.0,54833,51481,3890.1,5391.3,5681.3,579.0,0.7,1.6,3.2,23843,3.63,12.4,11.9,5.4,4.6,4.0,2.2
2025-06-11,inputs/research_pareto/2025/06/2025-06-11_416071.pdf,False,25200,20400,,,32100,29700,30800,25500,25500,22400,24700,21300,2020,1650,,,,,24519,10362,11617,Supramax,66.9,65.1,6.3,11.0,27.5,92.5,,98.1,36.0,54022,51511,3910.5,5410.3,5730.9,5840.8,0.7,1.6,3.2,24228,3.54,12.4,11.7,5.4,4.6,4.0,2.2
2025-06-12,inputs/research_pareto/2025/06/2025-06-12_416341.pdf,False,2560,2080,,,30300,27900,29400,24100,24500,21400,24400,21000,2040,1670,,,,,25679,10700,11650,Supramax,69.3,67.8,6.3,11.0,27.5,93.51,,98.1,36.0,53908,52095,4012.4,539.0,573.0,5850.2,0.7,1.6,3.2,24228,3.561,12.4,12.31,5.4,4.6,4.0,2.2
2025-06-13,inputs/research_pareto/2025/06/2025-06-13_416562.pdf,False,23100,18300,,,28300,25900,27000,21700,23800,20700,23800,20400,19300,15600,,,,,29481,11040,11795,Supramax,73.86,72.66,6.3,11.0,27.5,93.0,,98.1,36.0,53607,51262,4040.9,5461.2,5852.1,5880.5,0.7,1.6,3.2,24228,3.52,12.5,12.72,5.4,4.6,4.0,2.2
2025-06-16,inputs/research_pareto/2025/06/2025-06-16_416798.pdf,False,32300,26900,,,27300,24700,26200,20300,23100,19600,23200,19400,1940,15300,,,,,30866,11274,11836,Supramax,74.6,73.5,6.3,11.0,27.5,93.0,,98.1,36.0,62888,51491,4234.5,5684.1,6206.1,5880.0,0.7,1.6,3.2,24210,3.672,12.5,13.02,5.4,4.6,4.0,2.2
2025-06-17,inputs/research_pareto/2025/06/2025-06-17_417007.pdf,False,50700,45300,,,38200,35600,29500,23600,32500,29100,26900,23200,2040,1630,,,,,30944,11358,11873,Supramax,73.3,71.8,6.3,11.0,27.5,93.0,,98.1,36.0,67336,52212,422.0,567.0,6260.9,584.0,0.7,1.6,3.2,24210,3.77,13.68,13.01,5.4,4.6,4.0,2.2
2025-06-18,inputs/research_pareto/2025/06/2025-06-18_417105.pdf,False,5450,4920,,,32100,29500,3010,2420,47300,43900,37800,34200,22800,18700,,,,,30357,11316,11944,Supramax,76.4,74.9,6.3,11.0,27.5,92.0,,98.1,36.0,70007,54773,4291.7,5792.2,6270.1,5941.6,0.7,1.6,3.2,26567,3.88,14.03,13.3,5.4,4.6,4.0,2.2
2025-06-19,inputs/research_pareto/2025/06/2025-06-19_417448.pdf,False,53800,48500,,,3460,3200,3080,2490,46000,42600,36800,33200,2410,2000,,,,,28546,11069,12001,Supramax,76.5,75.1,6.3,11.0,27.5,91.0,,98.1,36.0,71577,54005,427.0,577.0,6331.0,6011.1,0.7,1.6,3.2,26567,3.98,13.9,13.0,5.4,4.6,4.0,2.2
2025-06-20,inputs/research_pareto/2025/06/2025-06-20_417540.pdf,False,59700,54400,,,3470,3210,30600,24700,4670,4330,3690,3330,2550,2140,,,,,25524,10838,12175,Supramax,77.1,75.7,6.3,11.0,27.5,91.0,,98.1,36.0,71244,53756,427.0,577.0,6421.5,6011.1,0.7,1.6,3.2,26567,4.092,13.9,14.11,5.4,4.6,4.0,2.2
2025-06-23,inputs/research_pareto/2025/06/2025-06-23_417725.pdf,False,6440,5900,,,34500,31800,30200,24000,46600,43100,36400,32600,25400,21200,,,,,23879,10815,12305,Supramax,78.31,75.1,6.3,11.0,27.5,91.5,,98.1,36.0,72003,53159,4270.0,5800.5,6470.7,6060.8,0.7,1.7,3.4,42942,3.891,14.32,14.12,5.4,4.8,4.0,2.2
2025-06-24,inputs/research_pareto/2025/06/2025-06-24_418032.pdf,False,78300,72900,,,38900,36200,3220,2600,4880,4530,3750,3370,2670,2250,,,,,23367,10918,12374,Supramax,68.7,65.7,6.3,11.0,27.5,92.0,,98.1,36.0,74633,54098,418.0,5901.7,642.0,605.0,0.7,1.7,3.4,42942,3.64,14.51,12.3,5.4,4.8,4.0,2.2
2025-06-25,inputs/research_pareto/2025/06/2025-06-25_418399.pdf,False,72500,67100,,,38600,35900,3470,2850,45600,42100,35800,32000,2930,25100,,,,,23360,11119,12425,Supramax,68.21,65.51,6.3,11.0,27.5,91.5,,98.1,36.0,73709,53141,394.0,551.0,586.0,593.0,0.7,1.7,3.4,47514,3.571,13.5,12.11,5.4,4.8,4.0,2.2
2025-06-26,inputs/research_pareto/2025/06/2025-06-26_418784.pdf,False,51500,46100,,,36800,34100,3580,2960,38200,34700,33500,29700,28600,24400,,,,,22592,11489,12567,Supramax,68.0,65.2,6.3,11.0,27.5,91.0,,98.1,36.0,73861,54778,391.0,542.0,579.0,592.0,0.7,1.7,3.4,47514,3.37,13.5,12.1,5.4,4.8,4.0,2.2
2025-06-27,inputs/research_pareto/2025/06/2025-06-27_419102.pdf,False,37400,32000,,,3690,3420,34300,28100,3910,3560,32200,28400,27100,22900,,,,,19447,11878,12638,Supramax,68.2,65.7,6.3,11.0,27.5,91.0,,98.1,36.0,66638,54092,386.0,541.0,568.0,5960.7,0.7,1.7,3.4,47514,3.591,13.3,11.71,5.4,4.8,4.0,2.2
2025-07-03,inputs/research_pareto/2025/07/2025-07-03_420157.pdf,False,28000,23100,,,32000,29600,29500,24100,28000,24800,23500,20000,22800,19000,,,,,16242,12088,13030,Supramax,68.6,66.9,6.9,11.0,28.0,92.51,,98.1,36.0,62305,56771,3780.4,532.0,5730.4,5570.0,0.9,1.7,3.4,41312,3.48,13.2,11.6,5.4,4.8,4.0,2.2
2025-07-28,inputs/research_pareto/2025/07/2025-07-28_426820.pdf,False,25900,21000,,,2790,25500,2260,17200,28100,2490,25200,2170,2320,1940,,,,,31756,15204,16351,Supramax,69.1,65.8,6.9,12.2,28.0,101.0,,106.0,33.0,71949,67420,367.0,527.0,5811.1,522.0,0.9,1.9,2.6,27507,3.08,11.9,11.2,4.7,5.3,3.1,2.2
2025-07-30,inputs/research_pareto/2025/07/2025-07-30_427023.pdf,False,2320,1830,,,27500,25100,2300,1760,3130,28100,2590,2240,23100,19300,,,,,28830,14335,16186,Supramax,72.6,69.2,6.9,12.2,28.0,100.01,,106.0,33.0,65984,64332,375.0,528.0,5901.8,522.0,0.9,1.9,2.6,29007,3.162,12.0,11.5,4.7,5.3,3.1,2.2
2025-07-31,inputs/research_pareto/2025/07/2025-07-31_427225.pdf,False,22900,18000,,,27200,24800,26900,21500,31000,27800,2630,2280,23000,19200,,,,,26422,13867,16068,Supramax,73.1,69.8,6.1,12.2,28.0,99.5,,106.0,33.0,69985,64655,3842.5,5310.5,6083.2,5250.6,0.7,1.9,2.6,29007,3.01,12.0,11.6,4.7,5.3,3.1,2.2
2025-08-04,inputs/research_pareto/2025/08/2025-08-04_427632.pdf,False,2450,1960,,,32200,29800,33900,28500,3140,2820,2650,2300,22900,19100,,,,,27331,13462,16035,Supramax,69.5,67.2,6.1,12.2,28.0,98.0,,106.0,33.0,71408,66302,365.0,5300.6,604.0,5250.6,0.7,1.9,2.6,30103,3.04,12.0,11.5,4.7,5.3,3.1,2.2
2025-08-05,inputs/research_pareto/2025/08/2025-08-05_427800.pdf,False,27700,22800,,,3460,3220,3560,3010,3230,2920,2670,2330,2350,1970,,,,,26187,13360,16051,Supramax,68.8,66.3,6.1,12.2,28.3,98.5,,106.0,33.0,71554,66347,359.0,526.0,584.0,521.0,0.7,1.9,2.6,30103,2.94,12.0,11.6,4.4,5.3,3.1,2.2
2025-08-07,inputs/research_pareto/2025/08/2025-08-07_428309.pdf,False,34600,29700,,,55100,52700,33500,28000,3320,3010,2870,2530,2310,1930,,,,,26434,13455,16430,Supramax,66.8,64.3,,,,98.5,,,,75440,72586,357.0,5311.0,582.0,5240.5,,,,30230,3.082,11.9,11.4,,,,
2025-08-11,inputs/research_pareto/2025/08/2025-08-11_428986.pdf,False,38200,33400,,,5550,5300,3240,2680,33400,30300,2910,2570,23000,19200,,,,,27716,13376,16691,Supramax,66.2,63.4,6.1,11.2,28.3,99.5,,104.6,35.6,76126,74963,3501.2,5310.7,5710.0,5210.2,0.7,1.9,2.6,30212,2.92,11.9,11.11,4.4,5.3,3.1,2.2
2025-08-12,inputs/research_pareto/2025/08/2025-08-12_429343.pdf,False,3980,3500,,,5560,5310,3310,2750,3350,3040,29100,25700,22400,18600,,,,,27506,13193,16745,Supramax,66.9,64.2,6.1,11.2,28.3,101.01,,104.6,35.6,76573,77956,3510.3,5320.2,568.0,5210.0,0.7,1.9,2.6,30212,2.97,11.9,11.2,4.4,5.3,3.1,2.2
2025-08-13,inputs/research_pareto/2025/08/2025-08-13_429558.pdf,False,36300,31500,,,50800,48300,32800,27200,33000,29900,29100,25700,21000,17200,,,,,27048,13023,16801,Supramax,66.1,63.1,6.1,11.2,28.3,102.01,,104.6,35.6,77092,77569,3510.0,5340.4,5700.4,521.0,0.7,1.9,2.6,30230,2.82,11.9,11.2,4.4,5.3,3.1,2.2
2025-08-14,inputs/research_pareto/2025/08/2025-08-14_430153.pdf,False,3660,3180,,,50700,48200,3520,2960,32900,29800,2950,2610,20600,16800,,,,,27206,13006,16887,Supramax,65.8,62.8,6.1,11.2,28.3,101.5,,104.6,35.6,77861,77929,3520.3,533.0,564.0,519.0,0.7,1.9,2.6,30230,2.82,11.9,11.2,4.4,5.3,3.1,2.2
2025-08-18,inputs/research_pareto/2025/08/2025-08-18_430983.pdf,False,3880,3410,,,45200,42800,35400,30000,32100,29100,28400,25100,2100,1730,,,,,27323,13265,17100,Supramax,65.9,62.9,6.1,11.2,28.3,99.5,,104.6,35.6,77851,77793,345.0,531.0,5710.2,519.0,0.7,1.9,2.6,30846,2.83,11.9,10.7,4.4,5.3,3.1,2.2
2025-08-19,inputs/research_pareto/2025/08/2025-08-19_431435.pdf,False,4020,3550,,,44500,42100,34700,29300,31300,28300,28000,24700,2140,1770,,,,,26638,13337,17207,Supramax,66.3,63.1,6.1,11.2,28.3,99.0,,104.6,35.6,77725,77392,344.0,526.0,571.0,517.0,0.7,1.9,2.6,30846,2.89,10.9,10.7,4.4,5.3,3.6,2.2
2025-08-20,inputs/research_pareto/2025/08/2025-08-20_431750.pdf,False,4120,3650,,,4830,4590,31400,26000,3130,2830,2810,2480,2250,1880,,,,,25072,13401,17302,Supramax,66.2,62.6,6.1,11.2,28.3,99.0,,104.6,35.6,77466,77334,3491.5,5300.7,5740.6,5180.2,0.7,1.9,2.6,28805,2.76,10.9,10.7,4.4,5.3,3.6,2.2
2025-08-21,inputs/research_pareto/2025/08/2025-08-21_432342.pdf,False,4230,3760,,,4950,4710,3250,2710,30600,27600,27100,23800,2330,1960,,,,,23778,13649,17550,Supramax,67.2,63.1,6.1,11.2,28.3,98.5,,104.6,35.6,76364,76974,3582.5,5350.9,5760.2,5200.3,0.7,1.9,3.4,28805,2.74,11.11,10.9,4.4,5.4,3.6,2.2
2025-08-22,inputs/research_pareto/2025/08/2025-08-22_432810.pdf,False,51400,46700,,,49200,46800,3310,2770,30200,27200,26600,23300,2350,1980,,,,,22418,14133,17756,Supramax,67.7,63.6,6.1,11.2,28.3,99.0,,104.6,35.6,75741,76537,3652.0,5401.0,5851.6,5210.2,0.7,1.9,3.4,28805,2.8,11.43,11.3,4.4,5.4,3.6,2.2
2025-08-26,inputs/research_pareto/2025/08/2025-08-26_433559.pdf,False,5180,4710,,,5130,4890,3360,2810,3040,2730,2660,2330,23200,19400,,,,,23160,14596,17994,Supramax,68.5,64.5,6.1,11.2,28.3,100.52,,104.6,35.6,75128,76330,3631.0,5420.7,5921.0,5240.6,0.7,1.9,3.4,29454,2.69,11.6,11.4,4.4,5.4,3.6,2.2
2025-08-27,inputs/research_pareto/2025/08/2025-08-27_434024.pdf,False,51100,46400,,,5130,4890,33300,27800,34700,31600,26300,23000,22900,19100,,,,,25140,15027,18165,Supramax,67.2,63.2,6.1,11.2,28.3,100.0,,104.6,35.6,71668,74753,359.0,535.0,6001.3,517.0,0.7,1.9,3.4,29305,2.73,11.5,11.3,4.4,5.4,3.6,2.2
2025-08-28,inputs/research_pareto/2025/08/2025-08-28_434264.pdf,False,50500,45800,,,48800,46400,3440,2890,30600,27500,25800,22500,2340,1960,,,,,24786,15529,18291,Supramax,67.5,63.6,6.1,11.2,28.3,100.0,,104.6,35.6,71906,74989,3661.9,5370.4,591.0,5180.0,0.7,1.9,3.4,29305,2.901,11.3,11.1,4.4,5.4,3.6,2.2
2025-08-29,inputs/research_pareto/2025/08/2025-08-29_434511.pdf,False,5070,4600,,,47600,45200,3440,2890,3130,2820,25800,22500,2350,1970,,,,,23918,15529,18466,Supramax,68.2,64.2,6.2,11.2,28.3,102.02,,104.6,35.6,70846,73771,366.0,536.0,5940.5,516.0,0.8,1.9,3.4,29305,2.981,11.2,10.8,4.4,5.4,3.6,2.2
2025-09-02,inputs/research_pareto/2025/09/2025-09-02_435016.pdf,False,43700,38900,,,4800,4550,35600,30100,3450,3140,2630,2290,2430,2050,,,,,24455,14977,18539,Supramax,68.5,65.01,6.2,11.2,28.3,99.5,20240.0,104.6,35.6,70711,73538,359.0,536.0,596.0,516.0,0.8,1.9,3.4,26565,2.97,11.2,11.1,4.4,5.4,3.6,2.2
2025-09-03,inputs/research_pareto/2025/09/2025-09-03_435265.pdf,False,43500,38700,,,4890,4640,34900,29300,3450,31300,25500,22100,2450,2070,,,,,23836,14540,18530,Supramax,68.9,65.4,6.2,11.2,28.3,100.0,1986.0,104.6,35.6,66045,71627,3743.9,5533.2,6010.8,5435.2,0.8,1.9,3.4,25245,2.98,11.2,10.8,4.4,5.4,3.6,2.2
2025-09-04,inputs/research_pareto/2025/09/2025-09-04_435363.pdf,False,48600,43800,,,48700,46200,34200,28600,3510,3190,2560,2220,23300,19500,,,,,22994,14135,18538,Supramax,67.2,63.5,6.2,11.2,28.6,101.01,1940.0,104.6,35.6,64830,67248,373.0,549.0,6040.5,541.0,0.8,1.9,3.4,25245,3.08,11.2,11.0,4.4,5.4,3.6,2.2
2025-09-05,inputs/research_pareto/2025/09/2025-09-05_435601.pdf,False,55300,50500,,,47800,45300,3520,2960,3620,3300,2570,2230,2380,2000,,,,,23355,14490,18467,Supramax,66.9,63.4,6.7,11.2,28.6,102.51,19631.2,104.6,35.6,60995,66642,368.0,547.0,592.0,5440.7,0.8,1.9,3.4,25245,3.09,11.2,11.1,5.3,5.4,3.6,2.2
2025-09-08,inputs/research_pareto/2025/09/2025-09-08_435812.pdf,False,61700,56900,,,4920,4670,34000,28400,3640,3320,2580,2240,23600,19800,,,,,23513,14885,18399,Ultramax,66.51,62.81,6.7,11.7,28.6,103.0,19790.8,105.2,42.7,61680,65768,363.0,541.0,5960.7,539.0,0.8,1.9,3.4,22607,3.122,11.3,11.0,5.3,5.4,3.6,2.2
2025-09-09,inputs/research_pareto/2025/09/2025-09-09_436000.pdf,False,6620,6140,,,5000,4750,33400,27800,36300,33100,2630,2290,22900,19100,,,,,24150,15277,18499,Ultramax,66.5,62.7,6.7,11.7,28.6,103.5,20192.0,105.2,42.7,62833,71897,3660.9,5481.4,594.0,5440.9,0.8,1.9,3.4,22607,3.1,11.3,11.4,5.3,5.4,3.6,2.2
2025-09-15,inputs/research_pareto/2025/09/2025-09-15_436626.pdf,False,83300,78800,,,5150,4910,3660,3120,3310,3020,2750,2430,21500,17900,,,,,25457,16720,18856,Ultramax,67.4,63.1,6.7,11.7,28.6,104.0,21260.7,105.2,42.7,67343,80721,3680.1,5581.1,599.0,5510.6,0.8,1.9,3.4,23531,2.971,11.4,11.2,5.3,5.4,3.6,2.2
2025-09-16,inputs/research_pareto/2025/09/2025-09-16_436861.pdf,False,8520,8060,,,5270,5030,36500,31000,32000,29000,26500,23300,21400,17700,,,,,25457,16720,18856,Ultramax,67.4,63.1,6.7,11.7,28.6,104.0,21260.7,105.2,42.7,67343,80721,3680.1,5581.1,599.0,5510.6,0.8,1.9,3.4,23531,2.971,11.4,11.2,5.3,5.4,4.6,2.2
2025-09-17,inputs/research_pareto/2025/09/2025-09-17_436983.pdf,False,96500,91900,,,52400,50000,36100,30600,31200,28200,2690,2370,21400,17700,,,,,26443,16376,18844,Ultramax,68.4,64.5,6.7,11.7,28.6,105.01,21540.0,105.2,42.7,67499,78837,3781.3,5600.7,605.0,5510.4,0.8,1.9,3.4,22347,3.11,11.5,11.2,5.3,5.4,4.6,2.2
2025-09-19,inputs/research_pareto/2025/09/2025-09-19_437476.pdf,False,9670,9200,,,5260,5010,35800,30200,26200,23200,25700,22400,2310,1940,,,,,28288,15592,18861,Ultramax,67.3,63.3,6.7,11.7,28.6,104.0,22051.1,105.2,42.7,63967,77417,371.0,550.0,599.0,544.0,0.8,1.9,3.4,,2.93,11.5,11.4,5.3,5.4,4.6,2.2
2025-09-23,inputs/research_pareto/2025/09/2025-09-23_437985.pdf,False,90800,86100,,,52700,50200,32300,26700,25500,22500,2690,2370,2350,1980,,,,,27903,15064,18784,Ultramax,66.2,62.0,6.7,11.7,28.6,105.0,2172.0,105.2,42.7,64329,77579,3710.3,5500.5,595.0,5440.5,0.8,1.9,3.2,22524,2.8,11.3,11.1,5.3,6.3,4.6,2.2
2025-09-24,inputs/research_pareto/2025/09/2025-09-24_438286.pdf,False,9380,8910,,,51400,48900,31800,26200,24800,21800,23500,20300,2370,2000,,,,,28770,14854,18789,Ultramax,67.7,63.5,6.7,11.7,28.6,104.5,22001.3,105.2,42.7,61284,77481,3720.3,5530.5,5980.5,5470.5,0.8,1.9,3.2,21212,2.85,11.4,11.2,5.3,6.3,4.6,2.2
2025-09-25,inputs/research_pareto/2025/09/2025-09-25_438579.pdf,False,93300,88600,,,50200,47700,3190,2630,24600,21600,23400,20200,2390,2020,,,,,29636,15078,18751,Ultramax,69.1,64.8,6.7,11.7,28.6,104.5,22401.8,105.2,42.7,59851,76855,3730.3,550.0,6061.4,544.0,0.8,1.9,3.2,21212,2.891,11.2,11.0,5.3,6.3,4.6,2.2
2025-09-26,inputs/research_pareto/2025/09/2025-09-26_438889.pdf,False,90400,85700,,,49700,47200,3470,29100,24100,21100,22700,19500,23700,20000,,,,,30194,15181,18747,Ultramax,69.6,65.3,6.7,11.7,28.6,104.5,22661.2,105.2,42.7,0,75320,3760.7,546.0,6090.4,543.0,0.8,1.9,3.2,21212,2.93,11.3,11.2,5.3,6.3,4.6,2.2
2025-09-30,inputs/research_pareto/2025/09/2025-09-30_439347.pdf,False,86700,81900,,,4590,4340,3750,3170,2500,2190,22300,18900,23000,19200,,,,,29228,15022,18683,Ultramax,67.6,63.2,6.5,11.7,28.6,102.0,2220.0,105.2,42.7,58240,73047,373.0,535.0,607.0,539.0,0.9,1.9,3.2,17224,3.28,11.2,11.0,5.3,6.3,4.6,2.1
2025-10-01,inputs/research_pareto/2025/10/2025-10-01_439644.pdf,False,79300,74500,,,4640,4390,3760,3180,2550,2240,2280,1940,22700,18900,,,,,27405,14649,18624,Ultramax,66.2,62.5,6.5,11.7,28.6,100.8,2134.0,105.2,42.7,56494,71551,364.0,510.0,591.0,495.0,0.9,1.9,3.2,17314,3.361,11.1,10.81,5.3,6.3,4.6,2.1
2025-10-02,inputs/research_pareto/2025/10/2025-10-02_439932.pdf,False,74200,69500,,,45300,42800,34700,29100,2560,2260,22700,19400,21600,17900,,,,,23968,14185,18537,Ultramax,65.4,61.9,5.8,11.7,28.6,100.8,,105.2,42.7,54862,67040,359.0,5151.0,586.0,469.0,0.9,1.9,3.2,17314,3.43,11.0,10.92,5.3,6.3,4.6,2.1
2025-10-06,inputs/research_pareto/2025/10/2025-10-06_440472.pdf,False,6850,6400,,,4250,4010,3510,2960,2590,2290,22400,19200,21100,17400,,,,,22595,13625,18288,Ultramax,65.21,61.51,5.8,11.7,29.1,100.8,1901.0,105.2,42.7,53656,63643,3570.1,516.0,5790.1,4820.4,0.9,1.9,3.2,16939,3.453,11.0,11.01,5.3,6.3,4.6,2.1
2025-10-07,inputs/research_pareto/2025/10/2025-10-07_440732.pdf,False,64200,59700,,,4610,4370,3520,2970,25600,22600,22000,18800,20900,17200,,,,,23453,13550,18239,Ultramax,65.7,61.9,5.8,11.7,29.1,100.8,19321.6,105.2,42.7,53323,64293,354.0,514.0,5840.9,479.0,0.9,1.9,3.2,16939,3.38,11.1,11.4,5.3,6.3,4.6,2.1
2025-10-09,inputs/research_pareto/2025/10/2025-10-09_441393.pdf,False,54300,49700,,,50000,47600,3580,3040,23700,20700,20600,17400,2050,1680,,,,,24252,13916,17832,Ultramax,65.9,62.2,5.8,11.7,29.1,100.8,19630.8,105.2,42.7,53064,62896,347.0,500.0,584.0,4720.9,0.9,1.9,3.2,16775,3.31,11.1,11.2,5.4,6.3,4.6,2.1
2025-10-10,inputs/research_pareto/2025/10/2025-10-10_441708.pdf,False,5800,5340,,,46900,44500,3650,3110,22400,19400,20300,17100,20300,16600,,,,,23101,14232,17730,Ultramax,65.1,61.4,5.8,11.7,29.1,102.01,1923.0,105.2,42.7,49749,56852,3500.9,5000.0,5840.0,4740.5,0.9,1.9,3.2,16775,3.22,11.1,10.9,5.4,6.3,4.6,2.1
2025-10-13,inputs/research_pareto/2025/10/2025-10-13_441976.pdf,False,82300,77700,,,4700,4460,3670,3130,22100,19100,2050,1730,2060,1690,,,,,23216,14537,17719,Ultramax,62.7,58.9,5.8,11.7,29.1,103.51,19360.7,105.2,42.7,49759,57102,331.0,485.0,577.0,4750.1,0.9,1.9,3.2,16568,3.11,11.1,10.9,5.4,6.3,4.6,2.1
2025-10-14,inputs/research_pareto/2025/10/2025-10-14_442402.pdf,False,8780,8320,,,56000,53600,3730,3190,21900,18900,2050,1730,2180,1810,,,,,28132,14921,17695,Ultramax,63.2,59.5,5.8,11.5,29.1,105.01,214410.7,116.3,46.0,49259,55692,325.0,469.0,567.0,451.0,0.9,1.9,3.2,16568,3.06,11.0,10.7,5.4,6.3,4.6,2.1
2025-10-16,inputs/research_pareto/2025/10/2025-10-16_443002.pdf,False,84400,80000,,,6170,5930,3850,3320,2190,1910,2040,1740,2260,1910,,,,,24185,15050,17921,Ultramax,62.4,58.8,5.8,11.5,29.1,103.0,1997.0,116.3,46.0,47679,51449,3310.8,4721.2,549.0,4510.2,0.9,1.9,3.2,18882,3.03,11.0,11.01,5.4,6.3,3.9,2.1
2025-10-17,inputs/research_pareto/2025/10/2025-10-17_443570.pdf,False,8670,8230,,,6310,6070,3960,3430,21900,19100,2100,1800,2340,1990,,,,,25358,15097,17972,Ultramax,61.0,57.4,5.8,11.5,29.1,103.0,20462.5,116.3,46.0,47388,50786,324.0,4740.5,545.0,4510.0,0.9,1.9,3.2,18882,2.91,11.21,11.1,5.4,6.3,3.9,2.1
2025-10-20,inputs/research_pareto/2025/10/2025-10-20_443962.pdf,False,8830,8390,,,6640,6400,4270,3740,2210,1930,2120,1820,2350,2000,,,,,25882,15110,17996,Ultramax,60.8,57.1,5.8,11.5,29.1,103.0,20691.1,116.3,46.0,47356,50094,320.0,463.0,537.0,443.0,0.9,1.9,3.0,24321,3.144,11.1,10.9,5.4,5.7,3.9,2.1
2025-10-21,inputs/research_pareto/2025/10/2025-10-21_444524.pdf,False,8870,8430,,,6680,6440,4430,3900,2240,1960,2200,1900,22600,19100,,,,,25944,15124,17969,Ultramax,61.1,57.6,5.8,11.5,29.1,103.0,20710.1,116.3,46.0,46784,49693,313.0,456.0,537.0,441.0,0.9,1.9,3.0,24321,3.4,11.1,10.8,5.4,5.7,3.9,2.1
2025-10-22,inputs/research_pareto/2025/10/2025-10-22_445179.pdf,False,84800,80400,,,65000,62600,4620,4090,2370,2090,21800,1880,21500,18000,,,,,26404,15382,17873,Ultramax,62.31,58.3,5.8,11.5,29.1,103.0,20941.1,116.3,46.0,46233,49508,3274.3,4682.7,5400.5,4440.7,0.9,1.9,3.0,25247,3.531,11.21,11.0,5.4,5.7,3.9,2.1
2025-10-23,inputs/research_pareto/2025/10/2025-10-23_446068.pdf,False,73200,68800,,,63300,60900,4620,4090,26700,23900,2280,1980,2190,1840,,,,,26404,15382,17873,Ultramax,62.31,58.3,5.8,11.5,29.1,103.0,20941.1,116.3,46.0,46233,49508,3274.3,4682.7,5400.5,4440.7,0.9,1.9,3.0,25247,3.531,11.21,11.0,5.4,5.7,3.9,2.1
2025-10-24,inputs/research_pareto/2025/10/2025-10-24_447240.pdf,False,73200,68800,,,62500,60100,4690,4160,2800,2520,2390,2090,2340,1990,,,,,25367,15983,17423,Ultramax,65.8,61.5,5.8,11.5,29.1,103.0,2057.0,116.3,46.0,44073,48355,3442.6,4922.3,5733.9,4561.4,0.9,1.9,3.0,25247,3.31,11.31,11.0,5.4,5.7,3.9,2.1
2025-10-28,inputs/research_pareto/2025/10/2025-10-28_448457.pdf,False,8100,7660,,,6490,6260,4870,4340,2950,2660,2580,2270,21300,17800,,,,,23534,15956,17208,Ultramax,65.6,61.1,5.8,11.5,29.1,103.5,1976.0,116.3,46.0,36633,46643,3511.5,5031.3,579.0,4640.5,0.9,1.9,3.0,28713,3.34,11.1,10.7,5.4,5.7,3.9,2.1
2025-10-29,inputs/research_pareto/2025/10/2025-10-29_449140.pdf,False,89400,84900,,,6530,6290,4930,4380,3110,2820,2710,2400,20900,17300,,,,,23089,15802,17069,Ultramax,64.6,60.4,5.8,11.5,29.1,104.0,1950.0,116.3,46.0,38223,49543,350.0,503.0,569.0,462.0,0.9,1.9,3.0,30142,3.29,11.2,10.8,5.4,5.7,3.9,2.1
2025-10-30,inputs/research_pareto/2025/10/2025-10-30_449759.pdf,False,126700,122200,,,6870,6630,5370,48200,3180,2890,2730,2420,2090,1730,,,,,23580,15626,16966,Ultramax,64.5,60.1,5.8,11.5,29.1,105.01,19610.6,116.3,46.0,37993,52775,3500.1,5142.3,5710.4,4671.2,0.9,1.9,3.0,30142,3.8313,11.2,0.0,5.4,5.7,3.9,2.1
2025-10-31,inputs/research_pareto/2025/10/2025-10-31_450182.pdf,False,125400,120900,,,7160,6920,60800,55300,31800,28900,27200,24100,20700,17100,,,,,24428,15307,16890,Ultramax,64.8,60.3,5.1,11.5,29.1,105.5,19831.1,116.3,46.0,43211,54181,3520.4,514.0,5730.2,4751.6,0.6,1.9,3.0,30142,4.083,11.1,10.5,5.4,5.7,3.9,2.1
2025-11-03,inputs/research_pareto/2025/11/2025-11-03_450610.pdf,False,122900,118400,,,71400,69000,6110,5560,3290,3000,27100,24000,20600,17000,,,,,24288,15053,16762,Ultramax,65.1,61.3,5.1,11.5,29.1,104.5,1966.0,116.3,46.0,46817,56837,350.0,510.0,5801.4,4750.1,0.6,1.9,3.0,48285,4.273,11.0,10.5,5.4,5.7,3.9,2.1
2025-11-04,inputs/research_pareto/2025/11/2025-11-04_451109.pdf,False,120000,115500,,,7370,7130,60400,54900,32400,29500,2710,2400,2230,18700,,,,,23955,14871,16688,Ultramax,64.6,60.7,5.1,11.5,29.1,103.0,1945.0,116.3,46.0,51972,61673,344.0,5110.3,5820.3,4801.1,0.6,1.9,3.0,48285,4.2,11.21,10.8,5.4,5.7,3.9,2.1
2025-11-07,inputs/research_pareto/2025/11/2025-11-07_452983.pdf,False,10390,9950,,,8120,7880,5900,5340,3160,2870,2650,2340,2190,1830,,,,,26888,15015,16578,Ultramax,64.31,60.31,5.9,11.4,29.1,100.5,20633.0,111.3,41.7,57968,63719,322.0,486.0,576.0,461.0,0.6,1.9,3.0,48124,4.39,11.2,10.6,5.4,5.7,3.9,2.1
2025-11-10,inputs/research_pareto/2025/11/2025-11-10_453191.pdf,False,96400,92000,,,81100,78700,5930,5370,3170,2880,26000,22900,2220,1860,,,,,27709,15165,16678,Ultramax,64.2,60.31,5.9,11.4,29.1,100.5,21042.0,111.3,41.7,56679,62394,3292.1,4900.8,5821.0,4650.7,0.6,1.9,3.0,51811,4.483,11.1,10.6,5.4,5.7,3.9,2.1
2025-11-11,inputs/research_pareto/2025/11/2025-11-11_453629.pdf,False,90900,86500,,,8110,7870,6140,5580,3200,2910,25900,22800,2270,1910,,,,,27063,15265,16777,Ultramax,63.8,59.9,5.9,11.4,29.1,100.5,2084.0,111.3,41.7,55422,60150,3331.3,4920.3,5820.1,4670.4,0.6,1.9,3.0,51811,4.29,11.2,10.5,5.2,5.7,3.9,2.1
2025-11-12,inputs/research_pareto/2025/11/2025-11-12_453809.pdf,False,9530,9090,,,80700,78300,58900,53300,31900,29000,25600,22500,2280,1920,,,,,26469,15449,16991,Ultramax,64.9,60.8,5.9,11.4,29.1,100.5,2072.0,111.3,41.7,50153,55719,3494.5,5022.1,578.0,4751.9,0.6,1.9,3.0,52373,4.56,11.1,10.6,5.2,5.7,3.9,2.1
2025-11-14,inputs/research_pareto/2025/11/2025-11-14_454841.pdf,False,126400,121900,,,7820,7560,5930,5350,3340,3040,2690,2370,2390,2010,,,,,25980,15739,17527,Ultramax,63.81,59.51,5.9,11.4,29.1,101.0,20772.3,111.3,41.7,49851,52322,337.0,5011.3,569.0,4801.4,0.6,1.9,3.0,52373,4.54,11.1,10.4,5.2,5.7,3.9,2.1
2025-11-17,inputs/research_pareto/2025/11/2025-11-17_455186.pdf,False,12630,121800,,,8160,7900,58400,52600,3360,3060,2730,2410,2430,2050,,,,,26968,15735,17799,Ultramax,63.8,59.4,5.9,11.4,29.1,101.0,21252.3,111.3,41.7,51202,52845,3431.9,5030.5,5771.4,4861.2,0.6,1.9,3.0,61691,4.48,11.1,10.6,5.2,5.7,3.9,2.1
2025-11-18,inputs/research_pareto/2025/11/2025-11-18_455563.pdf,False,125200,120700,,,8340,8080,57900,52100,3370,3070,2750,2430,2450,2070,,,,,27597,15650,17989,Ultramax,63.7,59.4,5.9,11.4,29.1,102.51,21531.3,111.3,41.7,53635,52862,342.0,5050.3,571.0,4880.4,0.6,1.9,3.0,61691,4.34,11.42,10.8,5.2,5.7,3.3,2.1
2025-11-19,inputs/research_pareto/2025/11/2025-11-19_455743.pdf,False,122700,118200,,,81500,78900,54000,48200,3440,3140,27000,23800,2480,2100,,,,,29160,15603,18042,Ultramax,64.8,60.7,5.9,11.4,29.1,102.5,22162.9,111.3,41.7,58342,53104,3502.3,5111.2,5710.0,4941.2,0.6,1.9,3.0,81758,4.39,11.51,10.81,5.2,5.7,3.3,2.1
2025-11-20,inputs/research_pareto/2025/11/2025-11-20_456080.pdf,False,122500,118000,,,78000,75400,51300,45500,3420,3120,27300,24100,2550,2170,,,,,30154,15721,18080,Ultramax,63.7,59.7,5.9,11.4,29.1,103.0,22602.0,111.3,41.7,57937,53498,341.0,503.0,5730.4,487.0,0.6,1.9,2.9,81758,4.53,11.5,10.5,5.2,5.8,3.3,2.1
2025-11-21,inputs/research_pareto/2025/11/2025-11-21_456283.pdf,False,13260,12810,,,7830,7570,5370,4790,3580,3280,2870,2550,2640,2260,,,,,30244,15868,18140,Ultramax,62.6,58.2,5.9,11.4,29.1,102.8,22700.4,111.3,41.7,57687,53334,3410.2,502.0,5740.1,485.0,0.6,1.9,2.9,81758,4.48,11.71,10.51,5.2,5.8,3.3,2.1
2025-11-25,inputs/research_pareto/2025/11/2025-11-25_456907.pdf,False,13950,13510,,,7890,7640,5680,5100,3840,3560,3200,2900,2840,2470,,,,,30685,16162,18103,Ultramax,63.0,58.6,5.9,11.4,29.1,103.81,22950.9,111.3,41.7,56865,52831,3390.8,5010.7,562.0,4870.5,0.6,1.9,2.9,97211,4.43,11.3,10.0,5.2,5.8,3.3,2.1
2025-11-26,inputs/research_pareto/2025/11/2025-11-26_457250.pdf,False,14330,13890,,,75900,73400,5850,5270,44700,41900,3490,3190,2870,2500,,,,,30938,16279,18085,Ultramax,62.6,58.3,5.9,11.4,29.1,104.3,23090.6,111.3,41.7,56533,52333,338.0,5061.0,561.0,487.0,0.6,1.9,2.9,102924,4.532,11.1,10.0,5.2,5.8,3.3,2.1
2025-11-27,inputs/research_pareto/2025/11/2025-11-27_457492.pdf,False,141000,136600,,,7680,7430,57900,52100,4470,4190,3500,3200,2930,2560,,,,,33160,16350,18136,Ultramax,63.0,58.5,5.9,11.4,29.1,104.9,24014.0,111.3,41.7,56781,52462,3472.6,5172.2,558.0,4910.9,0.6,1.9,2.9,102924,4.621,11.1,10.0,5.2,5.8,3.3,2.1
2025-11-28,inputs/research_pareto/2025/11/2025-11-28_457759.pdf,False,136200,131800,,,76500,74000,5820,5240,43700,40900,3560,3260,2990,2620,,,,,35133,16319,18167,Ultramax,63.6,59.1,6.4,11.4,29.1,105.2,24803.3,111.3,41.7,60622,57896,3472.6,5172.2,5661.5,4910.9,0.7,1.9,2.9,102924,4.652,11.1,9.9,5.2,5.8,3.3,2.1
2025-12-01,inputs/research_pareto/2025/12/2025-12-01_458076.pdf,False,129200,124800,,,7650,7400,5830,5250,4430,4150,3560,3260,3030,2660,,,,,37158,16230,18215,Ultramax,63.6,59.82,6.4,11.4,29.1,103.7,25603.2,111.3,41.7,62254,59147,3470.0,5384.0,5721.1,5032.3,0.7,1.9,2.9,105874,4.83,11.1,9.8,5.2,5.8,3.3,2.1
2025-12-02,inputs/research_pareto/2025/12/2025-12-02_458434.pdf,False,123500,119100,,,76500,74000,57000,51200,41400,38600,35200,32200,29300,25600,,,,,37840,16069,18228,Ultramax,63.3,59.5,6.4,11.4,29.1,103.7,25830.9,111.3,41.7,63689,61004,3675.9,512.0,568.0,501.0,0.7,1.9,2.9,105874,4.93,11.1,9.5,5.2,5.8,3.3,2.1
2025-12-04,inputs/research_pareto/2025/12/2025-12-04_458812.pdf,False,122800,118400,,,68600,66100,55000,49200,38200,35400,34100,31100,29500,25800,,,,,44672,15696,18250,Ultramax,63.1,59.4,6.0,11.4,29.1,105.5,28459.4,111.3,41.7,62384,55328,3672.2,5120.7,562.0,5010.3,0.7,1.9,2.9,91590,5.02,11.0,9.6,5.2,5.8,3.3,2.1
2025-12-08,inputs/research_pareto/2025/12/2025-12-08_459154.pdf,False,12160,11740,,,62300,60000,53400,48400,3790,3520,3480,3180,2910,2560,,,,,42151,15194,18154,Ultramax,63.9,60.2,6.0,12.4,29.1,104.5,2727.0,110.5,44.1,62311,55160,3751.8,5251.2,5650.8,5050.9,0.7,1.9,2.9,97894,5.13,10.9,9.3,5.8,5.8,3.3,2.1
2025-12-09,inputs/research_pareto/2025/12/2025-12-09_459445.pdf,False,121400,117200,,,6230,6000,52600,47600,36800,34100,34500,31500,2990,2640,,,,,41571,14977,18075,Ultramax,62.3,58.7,6.0,12.4,29.1,103.5,2694.0,110.5,44.1,62134,55338,374.0,5270.4,5721.3,5070.4,0.7,1.9,2.9,97894,4.84,10.9,9.2,5.8,5.8,3.3,2.1
2025-12-10,inputs/research_pareto/2025/12/2025-12-10_459750.pdf,False,12130,11710,,,60400,58100,52200,47200,3680,3410,3450,3150,2990,2640,,,,,38403,14742,17942,Ultramax,62.1,58.4,6.0,12.4,29.1,103.0,2557.0,110.5,44.1,61511,55015,365.0,521.0,563.0,5100.7,0.7,1.9,2.9,97140,4.57,10.9,9.3,5.8,5.8,3.3,2.1
2025-12-11,inputs/research_pareto/2025/12/2025-12-11_460087.pdf,False,12400,11980,,,6090,5860,5410,4910,3820,3550,3550,3250,3020,2670,,,,,35527,14542,17760,Ultramax,61.9,58.2,6.0,12.4,29.1,103.2,2430.0,110.5,44.1,61364,56771,3670.6,5271.1,560.0,5191.8,0.7,1.9,2.9,97140,4.55,10.8,9.1,5.8,5.8,3.3,2.1
2025-12-12,inputs/research_pareto/2025/12/2025-12-12_460276.pdf,False,12430,12010,,,6090,5860,5450,4950,3830,3560,3560,3260,3060,2710,,,,,32569,14183,17534,Ultramax,61.7,58.0,6.0,12.4,29.1,103.5,2294.0,110.5,44.1,61552,61495,354.0,525.0,554.0,519.0,0.7,1.9,2.9,97140,4.23,10.7,9.2,5.8,5.8,3.3,2.1
2025-12-16,inputs/research_pareto/2025/12/2025-12-16_460656.pdf,False,12430,12010,,,6430,6200,5510,5010,3930,3660,3560,3260,3120,2770,,,,,30841,13460,17189,Ultramax,60.2,56.5,6.0,12.4,29.1,102.5,2193.0,110.5,44.1,69668,63664,344.0,5140.0,545.0,507.0,0.7,1.9,2.9,85701,3.9,10.7,9.41,5.8,5.8,3.3,2.1
2025-12-17,inputs/research_pareto/2025/12/2025-12-17_460907.pdf,False,123300,119100,,,6450,6220,5530,5030,37900,35200,34900,31900,3230,2880,,,,,31800,12853,16875,Ultramax,59.81,56.11,6.0,12.4,29.1,103.51,22040.5,110.5,44.1,69824,64900,334.0,506.0,537.0,501.0,0.7,1.9,2.9,82050,3.931,9.5,9.2,5.8,5.8,3.3,2.1
2025-12-18,inputs/research_pareto/2025/12/2025-12-18_461103.pdf,False,122600,118400,,,6990,6760,6000,5500,37800,35100,34000,31000,3230,2880,,,,,30637,11982,16531,Ultramax,60.2,56.5,6.0,12.4,29.1,104.51,2121.0,110.5,44.1,69834,65056,333.0,5090.8,533.0,5020.0,0.7,1.9,2.9,82050,4.081,9.5,9.4,5.8,5.8,3.3,2.1
2025-12-19,inputs/research_pareto/2025/12/2025-12-19_461321.pdf,False,111700,107500,,,7280,7050,59500,54500,37500,34800,33900,30900,31400,27900,,,,,30480,11169,15904,Ultramax,59.7,56.0,6.0,12.4,29.1,105.4,2071.0,110.5,44.1,69834,65065,333.0,504.0,5340.3,498.0,0.7,1.9,2.9,82050,3.88,9.6,9.6,5.8,5.8,3.3,2.1
2026-01-02,inputs/research_pareto/2026/01/2026-01-02_461947.pdf,False,45400,41200,,,82200,79900,53000,48000,37100,34400,35200,32200,29600,26100,,,,,27523,10069,14461,Ultramax,61.3,57.8,5.0,12.4,29.1,105.7,1877.0,110.5,44.1,67164,63797,332.0,5280.0,536.0,5250.0,0.8,1.8,2.9,67931,3.58,9.6,9.7,5.8,6.9,3.4,2.1
2026-01-05,inputs/research_pareto/2026/01/2026-01-05_462054.pdf,False,30600,26400,,,69200,66900,50300,45300,3790,3520,32500,29500,27800,24300,,,,,24687,10200,13601,Ultramax,60.6,57.0,5.0,12.4,29.1,105.7,18820.3,110.5,44.1,70613,68940,322.0,505.0,530.0,515.0,0.8,1.8,2.9,67931,3.48,9.71,9.9,5.8,6.9,3.4,2.1
2026-01-06,inputs/research_pareto/2026/01/2026-01-06_462292.pdf,False,30600,26400,,,63800,61500,5170,4670,3930,3660,3250,2950,27700,24200,,,,,24149,10304,13189,Ultramax,61.6,58.1,5.0,12.4,29.1,105.9,1851.0,110.5,44.1,71194,70884,3261.0,5121.4,522.0,5190.8,0.8,1.8,2.9,67931,3.45,9.5,9.4,5.8,6.9,3.4,2.1
2026-01-07,inputs/research_pareto/2026/01/2026-01-07_462596.pdf,False,30300,26200,,,61400,59100,5240,4770,39200,36500,32400,29500,26400,23000,,,,,23854,10400,12780,Ultramax,59.9,56.2,5.0,12.4,29.1,106.4,1830.0,110.5,44.1,71485,74529,3280.8,5171.1,5342.3,5261.4,0.8,1.8,2.9,67931,3.504,9.6,9.6,5.8,6.9,3.4,2.1
2026-01-08,inputs/research_pareto/2026/01/2026-01-08_462753.pdf,False,37300,33200,,,54400,52100,52300,47600,3950,3680,3260,2970,2660,2320,,,,,22595,10515,12549,Ultramax,60.1,56.1,5.0,12.4,29.1,109.12,1776.0,110.5,44.1,72753,75827,324.0,511.0,533.0,522.0,0.8,1.8,2.9,67931,3.581,9.6,9.9,5.8,6.9,3.4,2.1
2026-01-09,inputs/research_pareto/2026/01/2026-01-09_463104.pdf,False,59000,54900,,,60100,57800,5340,4870,4200,3930,3460,3170,2710,2370,,,,,21179,10692,12336,Ultramax,62.71,58.41,5.0,12.4,29.0,108.3,1718.0,110.5,44.1,71048,74805,3260.6,505.0,5411.5,518.0,0.8,1.8,2.9,67931,3.42,9.6,9.5,4.7,6.9,3.4,2.1
2026-01-12,inputs/research_pareto/2026/01/2026-01-12_463438.pdf,False,6050,5640,,,6160,5930,5550,5080,41500,38800,34300,31400,2730,2390,,,,,20444,10772,12223,Ultramax,63.3,59.1,5.0,12.4,29.0,108.3,1688.0,110.5,44.1,70342,75382,3311.6,5152.1,5501.8,5231.1,0.8,1.8,2.9,67931,3.232,9.6,9.7,4.7,6.9,3.4,2.1
2026-01-13,inputs/research_pareto/2026/01/2026-01-13_463760.pdf,False,6360,5940,,,61400,59100,5890,5410,41200,38500,3560,3260,27300,23900,,,,,19838,10722,12134,Ultramax,64.4,60.0,5.0,12.4,29.0,108.8,1659.0,110.5,44.1,70135,75037,327.0,5160.0,5571.3,520.0,0.8,1.8,2.9,67931,3.35,9.6,10.95,4.7,6.9,3.4,2.1
2026-01-14,inputs/research_pareto/2026/01/2026-01-14_464072.pdf,False,72800,68600,,,68900,66600,6300,5820,,,,,2860,2520,,,,,18677,10642,12038,Ultramax,65.1,60.8,5.0,13.2,29.0,108.2,1608.0,119.7,58.6,70508,74653,3331.9,5251.8,5610.6,5312.1,0.8,1.8,2.9,67931,3.36,9.6,10.5,4.7,6.9,3.4,2.1
2026-01-15,inputs/research_pareto/2026/01/2026-01-15_464359.pdf,False,90500,86300,,,7300,7070,6430,5950,4500,4230,3770,3470,3140,28000,,,,,17560,10736,12040,Ultramax,64.6,60.0,5.0,13.2,29.0,107.7,1566.0,119.7,58.6,72213,74942,329.0,5341.7,560.0,5340.5,0.8,1.8,2.9,67931,3.15,9.6,11.1,4.7,6.9,3.4,2.1
2026-01-16,inputs/research_pareto/2026/01/2026-01-16_464593.pdf,False,9870,9450,,,82300,80000,6620,6140,4940,46700,3900,3600,31300,27900,,,,,16226,11249,12166,Ultramax,63.9,59.3,5.0,13.2,29.0,107.0,1532.0,119.7,58.6,71798,73384,318.0,523.0,555.0,523.0,0.8,1.8,2.9,67931,3.171,9.6,11.96,4.7,6.9,3.4,2.1
2026-01-19,inputs/research_pareto/2026/01/2026-01-19_464850.pdf,False,119000,114800,,,8850,8620,6690,6210,5000,4730,3950,3650,30700,27300,,,,,16670,11784,12220,Ultramax,63.6,59.1,5.0,13.2,29.0,106.3,15672.3,119.7,58.6,72131,72287,3211.0,5260.5,548.0,5301.2,0.8,1.8,2.9,67931,3.441,11.216,11.9,4.7,6.9,3.4,2.1
2026-01-20,inputs/research_pareto/2026/01/2026-01-20_465238.pdf,False,116400,112200,,,8860,8630,6950,6470,5020,4750,4020,3720,3120,2780,,,,,18293,12352,12257,Ultramax,64.2,59.6,5.0,13.2,29.0,104.7,16505.3,119.7,58.6,68660,71378,3211.0,5260.5,547.0,5301.2,0.8,1.8,3.1,67931,3.732,11.2,11.9,4.7,8.5,5.0,2.1
2026-01-21,inputs/research_pareto/2026/01/2026-01-21_465552.pdf,False,114500,110300,,,76400,74100,7010,6530,49000,46300,39300,36300,3260,2920,,,,,19804,12794,12428,Ultramax,64.1,59.7,5.0,13.2,29.0,104.1,17294.8,119.7,58.6,68431,70083,3282.1,5351.6,5480.1,5320.3,0.8,1.8,3.1,67931,4.8824,10.8,11.9,4.7,8.5,5.0,2.1
2026-01-22,inputs/research_pareto/2026/01/2026-01-22_465922.pdf,False,11670,11240,,,69900,67500,7460,6960,47200,44400,38200,35100,32500,28900,,,,,21279,13122,12593,Ultramax,65.0,60.4,5.0,13.2,29.0,103.3,18034.3,119.7,58.6,67641,67512,3527.1,5472.3,5531.0,5401.6,0.8,1.8,3.1,67931,5.4111,11.34,13.78,4.7,8.5,5.0,2.1
2026-01-23,inputs/research_pareto/2026/01/2026-01-23_466241.pdf,False,114900,110600,,,7330,7090,7850,7350,46900,44100,37300,34200,3340,2980,,,,,19976,13189,12885,Ultramax,64.5,59.7,5.0,13.2,29.0,103.3,1761.0,119.7,58.6,67018,64581,3520.0,5521.0,5652.2,536.0,0.8,1.8,3.1,67931,4.68,11.2,12.7,4.7,8.5,5.0,2.1
2026-01-26,inputs/research_pareto/2026/01/2026-01-26_466505.pdf,False,98100,93800,,,7650,7410,8230,7730,4710,4430,3730,3420,31900,28300,,,,,19928,13168,12975,Ultramax,66.3,61.5,5.0,13.2,29.0,104.31,17620.1,119.7,58.6,65761,60812,344.0,551.0,5650.0,5400.7,0.8,1.8,3.1,67931,6.2518,11.3,14.77,4.7,8.5,5.0,2.1
2026-01-27,inputs/research_pareto/2026/01/2026-01-27_466835.pdf,False,89000,84500,,,7910,7660,8470,7940,46700,43800,36700,33600,3300,2930,,,,,20261,13168,13092,Ultramax,65.2,60.4,5.0,13.2,29.0,102.7,17801.0,119.7,58.6,,,3450.3,546.0,5731.4,538.0,0.8,1.8,3.1,,6.74,11.2,13.5,4.7,8.5,5.0,2.1
2026-01-28,inputs/research_pareto/2026/01/2026-01-28_467246.pdf,False,80200,75700,,,77500,75000,8840,8310,4810,4520,3810,3500,3340,2940,,,,,25653,13273,13134,Ultramax,67.9,62.9,5.0,13.2,29.0,103.0,199912.3,119.7,58.6,,,3480.8,543.0,5730.0,536.0,0.8,2.0,3.1,,6.51,11.41,13.62,4.7,8.5,5.0,2.1
2026-01-29,inputs/research_pareto/2026/01/2026-01-29_467674.pdf,False,76300,71800,,,7750,7500,9060,8530,47600,44700,38000,34800,32900,28800,,,,,25603,13794,13249,Ultramax,69.61,64.41,5.0,13.2,29.0,102.4,20160.9,119.7,58.6,67653,67446,3500.6,5521.7,5872.4,5380.4,0.8,2.0,3.1,,3.84,11.3,13.62,4.7,8.5,5.0,2.1
2026-01-30,inputs/research_pareto/2026/01/2026-01-30_468304.pdf,False,8220,7770,,,7810,7560,9540,9010,5150,4860,41800,38600,3590,31800,,,,,24897,14108,13420,Ultramax,69.5,64.1,5.6,13.2,29.0,103.91,2002.0,119.7,58.6,74023,79572,3520.6,5744.0,5920.9,5461.3,0.9,2.0,3.1,67931,3.87,11.51,14.21,4.7,8.5,5.0,2.1
2026-02-02,inputs/research_pareto/2026/02/2026-02-02_468831.pdf,False,130000,125500,,,75700,73200,84700,79400,48000,45100,38800,35600,32200,28100,,,,,28306,14350,13489,Ultramax,66.0,61.9,5.6,13.2,29.0,102.9,21487.3,119.7,58.6,76228,81792,349.0,573.0,5920.0,5480.4,0.9,2.0,3.1,32829,3.62,11.5,12.1,4.7,8.5,5.0,2.1
2026-02-03,inputs/research_pareto/2026/02/2026-02-03_469259.pdf,False,13270,12820,,,7620,7370,8610,8080,4840,4550,38500,35300,3330,2920,,,,,27638,14399,13555,Ultramax,66.0,61.9,5.6,13.2,29.0,102.0,2124.0,119.7,58.6,78313,83272,320.0,522.0,581.0,525.0,0.9,2.0,3.1,14500,3.25,11.2,11.1,4.7,8.5,5.0,2.1
2026-02-04,inputs/research_pareto/2026/02/2026-02-04_469637.pdf,False,128700,124200,,,76100,73600,84900,79600,47500,44600,38300,35100,3340,2930,,,,,25288,14179,13691,Ultramax,67.8,63.7,5.6,13.2,29.0,101.3,2028.0,119.7,58.6,80952,84455,3272.1,5260.7,5840.5,5280.7,0.9,2.0,3.1,,3.27,11.1,11.73,4.7,8.5,5.0,2.1
2026-02-05,inputs/research_pareto/2026/02/2026-02-05_470456.pdf,False,125600,121100,,,74900,72400,76400,71100,45700,42800,38100,34900,33200,29100,,,,,23653,13830,13801,Ultramax,68.2,64.0,6.2,13.2,28.8,101.8,1955.0,119.7,58.6,85774,84739,3393.8,5331.3,5982.5,5331.0,0.9,2.0,3.1,14500,3.521,11.1,11.93,6.5,8.5,5.0,2.1
2026-02-06,inputs/research_pareto/2026/02/2026-02-06_471139.pdf,False,124800,120300,,,74800,72300,7760,7230,43400,40500,36300,33100,33200,29100,,,,,23263,13595,13929,Ultramax,68.31,64.01,6.2,13.2,28.8,99.5,1936.0,119.7,58.6,87853,84359,331.0,5401.3,6041.0,532.0,0.9,2.0,3.1,,3.48,11.1,12.0,6.5,8.5,5.0,2.1
2026-02-09,inputs/research_pareto/2026/02/2026-02-09_471532.pdf,False,12750,12300,,,7660,7410,7830,7300,43700,40800,36000,32800,3340,2930,,,,,22965,13529,13958,Ultramax,67.3,62.8,6.2,13.2,28.8,98.0,1923.0,119.7,58.6,89128,84465,3310.0,5461.1,603.0,5360.8,0.9,2.0,3.1,14500,3.19,11.1,11.3,6.5,8.5,5.0,2.1
2026-02-10,inputs/research_pareto/2026/02/2026-02-10_471919.pdf,False,126700,122200,,,7850,7600,76800,71500,43200,40300,35000,31800,32500,28400,,,,,22965,13529,13958,Ultramax,67.3,62.8,6.2,13.2,28.8,98.0,1923.0,119.7,58.6,89128,84465,3310.0,5461.1,603.0,5360.8,0.9,2.0,3.1,14500,3.19,11.1,11.3,6.5,8.5,5.0,2.1
2026-02-11,inputs/research_pareto/2026/02/2026-02-11_472691.pdf,False,124400,119900,,,78100,75600,86600,81300,42300,39400,3520,3200,31300,27200,,,,,21625,13691,14200,Ultramax,69.2,64.3,6.2,13.2,28.8,99.0,1882.0,119.7,58.6,90202,84460,330.0,546.0,6132.4,534.0,0.9,2.0,3.1,14500,3.09,11.0,11.1,6.5,8.5,5.0,2.1
2026-02-12,inputs/research_pareto/2026/02/2026-02-12_473944.pdf,False,123000,118500,,,77900,75400,86200,80900,40400,37500,33500,30300,28800,24700,,,,,22929,14279,14412,Ultramax,69.5,64.8,6.2,13.2,28.8,99.0,19584.0,119.7,58.6,85982,84322,3361.7,5480.3,6180.8,5350.1,0.9,2.0,3.1,14500,3.191,11.0,11.41,6.5,8.5,5.0,2.1
2026-02-13,inputs/research_pareto/2026/02/2026-02-13_475009.pdf,False,120500,116000,,,77800,75300,85900,80600,39600,36700,32600,29400,2900,2490,,,,,25893,14561,14725,Ultramax,67.5,62.8,6.2,13.2,28.8,97.4,20957.0,119.7,58.6,84383,83775,328.0,543.0,612.0,530.0,0.9,2.0,3.1,,3.14,11.0,11.3,6.5,8.5,5.0,2.1
2026-02-16,inputs/research_pareto/2026/02/2026-02-16_475615.pdf,False,12610,12160,,,77000,74500,8590,8060,3980,3690,3280,2960,28300,24200,,,,,25346,14653,14993,Ultramax,67.7,62.9,6.2,13.2,28.8,97.4,2083.0,119.7,58.6,82242,75790,327.0,531.0,594.0,526.0,0.9,2.0,3.1,15750,2.98,11.0,10.8,6.5,8.5,5.0,2.1
2026-02-17,inputs/research_pareto/2026/02/2026-02-17_475990.pdf,False,12870,12160,,,74900,7450,80100,8060,36000,3690,29400,2960,23800,2420,,,,,25605,14732,15137,Ultramax,68.2,63.3,6.2,13.2,28.8,97.4,21000.8,119.7,58.6,82844,75956,327.0,531.0,594.0,526.0,0.9,2.0,3.1,15750,3.1,11.0,10.7,6.5,8.5,5.0,2.1
2026-02-18,inputs/research_pareto/2026/02/2026-02-18_476259.pdf,False,139300,134800,,,76800,74300,84800,79500,38600,35700,32300,29100,27000,22900,,,,,25464,14796,15092,Ultramax,67.6,62.5,6.2,13.2,28.8,97.4,2095.0,119.7,58.6,82137,75998,326.0,527.0,594.0,522.0,0.9,2.0,3.1,17000,3.01,10.0,10.41,6.5,8.5,5.0,2.1
2026-02-19,inputs/research_pareto/2026/02/2026-02-19_476722.pdf,False,14420,13970,,,7820,7570,83500,78200,3940,3650,3240,2920,26900,22800,,,,,24747,14831,14917,Ultramax,70.6,65.4,6.2,13.2,28.8,97.4,2063.0,119.7,58.6,81816,75582,3280.8,5392.4,594.0,5301.5,0.9,2.0,3.1,17000,3.02,10.44,11.37,6.5,8.5,5.0,2.1
2026-02-23,inputs/research_pareto/2026/02/2026-02-23_477367.pdf,False,15900,15450,,,80500,78000,8160,7630,38400,35500,31600,28400,2760,2350,,,,,24172,15207,14646,Ultramax,71.1,65.8,6.2,13.2,28.8,97.4,20431.2,119.7,58.6,85298,76807,3331.4,5662.7,6130.9,5411.7,0.9,2.0,3.1,17750,3.112,10.7,11.1,6.5,8.5,4.4,2.1
2026-02-24,inputs/research_pareto/2026/02/2026-02-24_477817.pdf,False,178700,174200,,,80000,77500,79900,74600,3860,3570,3230,2910,2760,2350,,,,,25608,15342,14897,Ultramax,72.0,66.8,6.2,13.2,28.8,97.4,21123.4,119.7,58.6,85195,75969,3330.0,562.0,6140.2,538.0,0.9,2.2,3.1,18375,2.99,10.7,10.9,6.5,8.5,4.4,2.1
2026-02-26,inputs/research_pareto/2026/02/2026-02-26_478758.pdf,False,20880,20400,,,9080,8830,76300,70800,4400,4080,3510,3160,2850,2440,,,,,24863,15678,15857,Ultramax,71.0,65.5,6.2,13.2,28.8,97.51,2121.0,119.7,58.6,83990,75019,3373.2,5976.1,6160.4,5522.2,0.9,2.2,3.1,18625,2.83,10.6,10.8,6.5,8.5,4.4,2.1
2026-02-27,inputs/research_pareto/2026/02/2026-02-27_479327.pdf,False,21300,20820,,,108600,106100,7980,7430,4620,4300,3810,3460,3000,2590,,,,,24169,15911,16419,Ultramax,71.3,65.8,6.7,13.2,28.8,97.5,2117.0,119.7,58.6,66967,73431,3390.6,6051.4,6332.8,5591.2,0.9,2.2,3.1,18625,2.84,10.6,11.04,6.5,8.5,4.4,2.1
2026-03-02,inputs/research_pareto/2026/03/2026-03-02_479680.pdf,False,22140,21660,,,11380,11130,8070,7520,4940,4620,3910,3560,3100,2690,,,,,24211,16145,16915,Ultramax,78.27,71.87,6.7,13.2,28.8,97.5,21401.1,119.7,58.6,68099,73485,3410.6,6110.9,6370.6,544.0,1.1,2.2,3.1,23485,2.911,10.71,11.0,6.5,8.5,4.4,2.1
2026-03-03,inputs/research_pareto/2026/03/2026-03-03_480116.pdf,False,427100,422300,,,136400,133900,8490,7940,74900,71700,55800,52300,35300,31200,,,,,24910,16478,17207,Ultramax,80.33,73.32,6.7,13.2,28.8,98.3,21872.2,119.7,58.6,100723,83717,3688.1,6374.2,71612.4,5877.8,1.1,2.2,3.1,,3.084,13.424,18.421,6.5,8.5,4.4,2.1
2026-03-04,inputs/research_pareto/2026/03/2026-03-04_480219.pdf,False,485900,481100,,,160100,157600,101400,95900,101000,97800,74400,70900,39200,35100,,,,,25929,16679,17476,Ultramax,84.13,76.83,6.7,13.2,28.8,98.3,22422.5,119.7,58.6,81024,77027,3885.4,6806.9,7372.9,6114.1,1.1,2.2,3.1,,3.06,15.818,20.26,6.5,8.5,4.4,2.1
2026-03-05,inputs/research_pareto/2026/03/2026-03-05_480580.pdf,False,481100,476300,,,188300,185800,112400,106900,112500,109300,92000,88500,45100,41000,,,,,25541,16791,17592,Ultramax,83.12,76.62,6.3,13.2,28.8,98.1,2233.0,119.7,58.6,90338,72548,373.0,641.0,7775.4,575.0,1.1,2.2,3.1,,2.971,15.1,18.39,6.5,8.5,4.4,2.1
2026-03-06,inputs/research_pareto/2026/03/2026-03-06_480794.pdf,False,49200,48570,,,18890,185500,12170,11430,102900,98800,79100,74700,4760,4300,,,,,23262,16634,17600,Ultramax,85.0,80.5,6.3,13.2,28.8,99.11,2138.0,119.7,58.6,90338,65954,3884.1,6521.7,775.0,5800.9,1.1,2.2,3.1,24500,2.97,15.52,16.8,6.2,8.5,4.4,2.1
2026-03-09,inputs/research_pareto/2026/03/2026-03-09_481067.pdf,False,478700,472400,,,168900,165500,121400,114000,90600,86500,69800,65400,47500,42900,,,,,20355,16320,17525,Ultramax,109.818,106.617,6.3,13.2,28.8,100.61,2010.0,119.7,58.6,90338,57949,4064.6,6794.2,7770.2,574.0,1.1,2.2,3.1,236250,3.406,15.71,18.1,6.2,8.5,4.4,2.1
2026-03-10,inputs/research_pareto/2026/03/2026-03-10_481303.pdf,False,478400,472100,,,153200,149800,117700,110300,80400,76300,63900,59500,,,81700,77100,35200,30600,22207,15887,17355,Ultramax,90.8,88.2,6.3,6.0,28.8,102.62,20662.8,97.6,30.9,90338,47647,404.0,7368.4,99227.7,5821.4,1.1,2.2,3.1,228750,3.07,16.23,16.2,6.2,8.5,4.4,2.1
2026-03-11,inputs/research_pareto/2026/03/2026-03-11_481524.pdf,False,468200,461900,,,137700,134300,94100,86700,76200,72100,61400,57000,,,8210,7750,29900,25300,19188,15414,16964,Ultramax,87.6,83.6,6.3,6.0,28.8,103.02,1919.0,97.6,30.9,83990,41029,378.0,680.0,842.0,569.0,1.1,2.2,3.1,22875,3.061,15.9,16.62,6.2,8.5,4.4,2.1
2026-03-12,inputs/research_pareto/2026/03/2026-03-12_481740.pdf,False,453700,447400,,,134300,130900,91300,83900,68200,64100,54200,49800,,,79100,74500,27200,22600,19843,15143,16582,Ultramax,97.66,92.25,6.3,6.0,28.8,103.6,19260.4,97.6,30.9,63089,38171,3862.2,7114.7,8753.9,5730.7,1.1,2.2,3.1,213750,3.251,16.0,18.06,6.2,8.5,4.4,2.1
2026-03-16,inputs/research_pareto/2026/03/2026-03-16_482046.pdf,False,292700,286400,,,12660,12320,83000,75600,66700,62600,52200,47800,,,6200,5740,2610,2150,22621,15210,16213,Ultramax,104.61,99.0,6.3,6.0,29.5,106.9,20282.8,97.6,30.9,63089,43270,4101.6,7803.0,1.0,5780.2,1.1,2.2,3.1,196250,3.12,16.2,17.02,6.2,8.5,4.4,2.1
2026-03-18,inputs/research_pareto/2026/03/2026-03-18_482395.pdf,False,478800,472500,,,114800,111400,8530,7790,7260,6850,5640,5200,,,6300,5840,2840,2380,23040,15192,16030,Ultramax,103.73,97.24,6.3,12.6,29.5,106.3,20380.5,97.6,30.9,63089,44207,402.0,7992.5,1.0,5851.2,1.1,2.2,3.1,177500,3.02,19.319,17.51,6.2,8.5,4.4,2.1
2026-03-20,inputs/research_pareto/2026/03/2026-03-20_482788.pdf,False,394300,388000,,,110300,106900,110600,103200,68800,64700,56800,52400,,,71600,67000,30200,25600,23389,15841,15540,Ultramax,106.9,94.1,6.3,12.6,29.5,106.7,2057.0,97.6,30.9,90323,72577,4223.7,9817.5,1.0,6113.9,1.1,2.2,2.4,17500,3.13,22.41,21.0,6.2,3.9,4.5,2.1
2026-03-23,inputs/research_pareto/2026/03/2026-03-23_483123.pdf,False,386300,380000,,,11310,10970,124200,116800,75700,71600,6070,5630,,,84800,80200,3250,2790,23438,15796,15473,Ultramax,113.31,100.42,6.3,12.6,29.5,107.5,20560.0,97.6,30.9,90323,66778,4445.2,941.0,1.0,597.0,1.1,2.2,2.4,17500,3.11,21.7,20.6,6.2,3.9,4.5,2.1
2026-03-25,inputs/research_pareto/2026/03/2026-03-25_483564.pdf,False,366500,357200,,,214000,209400,208400,198200,8270,7530,6980,6250,,,11530,108400,4040,33500,22292,15216,15364,Ultramax,100.0,88.9,6.3,12.6,29.5,107.3,1989.0,97.6,30.9,90323,69094,4485.9,859.0,1.0,6404.7,1.1,1.7,2.4,170500,2.89,20.5,17.2,6.2,3.9,4.5,2.1
2026-03-26,inputs/research_pareto/2026/03/2026-03-26_483803.pdf,False,362400,353100,,,21440,20980,21160,20140,8950,8210,7380,6650,,,11950,11260,4370,3680,22937,14830,15275,Ultramax,105.02,92.82,6.3,12.6,29.5,104.9,20010.6,97.6,30.9,92028,72050,445.0,835.0,990.0,635.0,1.1,1.7,2.4,166250,2.97,20.0,18.21,6.2,3.9,4.5,2.1
2026-03-27,inputs/research_pareto/2026/03/2026-03-27_484156.pdf,False,36350,35420,,,213100,208500,23000,21980,9610,8870,7490,6760,,,12370,11680,48200,41300,23471,14595,15232,Ultramax,107.8,94.0,6.3,12.6,29.5,106.91,20140.6,97.6,30.9,92028,75334,4623.7,8724.5,1.0,6370.3,1.1,1.7,2.4,163750,3.01,20.52,18.7,6.2,3.9,4.5,2.1
2026-04-07,inputs/research_pareto/2026/04/2026-04-07_485312.pdf,False,356700,348400,,,18440,18000,218700,209100,105000,99400,80600,74800,,,102000,95900,4460,3850,24488,14356,15476,Ultramax,111.21,115.32,6.5,12.6,29.5,105.6,20661.8,97.6,30.9,90017,69874,399.0,7910.2,1.0,6830.1,1.0,1.7,2.4,79375,2.81,20.0,17.11,6.2,3.9,4.5,2.2
2026-04-08,inputs/research_pareto/2026/04/2026-04-08_ShippingDaily-2026-04-08-485671.pdf,False,354000,345700,,,152400,148000,196000,186400,10820,10260,8130,7550,,,98900,92800,4490,3880,25045,14356,15564,Ultramax,93.9,95.7,6.5,12.6,22.1,106.2,20951.4,97.6,30.9,102248,73247,4051.6,8051.7,1.0,7205.3,1.0,1.7,2.4,79875,2.74,19.9,15.1,6.2,3.9,4.5,2.2
2026-04-09,inputs/research_pareto/2026/04/2026-04-09_Periodical-ShippingDaily-2026-04-09-486161.pdf,False,520000,511800,,,15530,15010,19610,185000,11060,10570,8440,7920,,,97900,92200,4580,4010,25702,14356,15941,Ultramax,97.32,97.63,6.5,12.6,22.1,106.0,21392.1,97.6,30.9,102248,79279,384.0,737.0,1.0,669.0,1.0,1.7,2.4,79875,2.72,19.5,15.72,6.2,3.9,4.5,2.2
2026-04-10,inputs/research_pareto/2026/04/2026-04-10_ShippingDaily-2026-04-10.pdf,False,455900,447700,,,151000,145800,194400,183300,122700,117800,93100,87900,,,9990,9420,4770,4200,25835,14356,16344,Ultramax,96.7,98.5,6.5,12.6,22.1,105.0,21611.0,97.6,30.9,113405,88225,3932.4,7724.8,1.0,6862.5,1.0,1.7,2.4,79875,2.66,19.5,15.4,6.2,3.9,4.5,2.2
2026-04-13,inputs/research_pareto/2026/04/2026-04-13_ShippingDaily-2026-04-13-486947.pdf,False,45810,44990,,,145500,140300,190000,178900,12590,12100,9650,9130,,,10630,10060,47500,41800,26585,14356,16538,Ultramax,102.07,104.27,6.5,12.6,22.1,104.6,22011.9,97.6,30.9,113405,93206,3930.0,765.0,1.0,682.0,1.0,1.7,2.4,79875,2.681,19.4,16.18,6.2,3.9,4.5,2.2
2026-04-14,inputs/research_pareto/2026/04/2026-04-14_ShippingDaily-2026-04-14-487149.pdf,False,46480,45660,,,144900,139700,169300,158200,12940,12450,10010,9490,,,11100,10530,4770,4200,27667,14356,16681,Ultramax,97.9,96.8,6.5,11.8,22.1,105.1,22502.2,104.7,39.1,113405,95254,4165.8,7984.3,1.0,6941.8,1.0,1.7,2.4,79875,2.61,19.4,15.6,6.2,3.9,4.5,2.2
2026-04-15,inputs/research_pareto/2026/04/2026-04-15_ShippingDaily-2026-04-15-487425.pdf,False,46880,46060,,,125000,119800,150200,139100,13130,12640,10340,9820,,,107600,101900,4980,4410,29792,14356,16988,Ultramax,95.4,91.2,6.5,11.8,22.1,104.6,23544.6,104.7,39.1,126445,111628,415.0,760.0,1.0,682.0,1.0,1.7,2.4,81875,2.6,19.4,14.8,6.2,3.9,4.5,2.2
2026-04-16,inputs/research_pareto/2026/04/2026-04-16_ShippingDaily-2026-04-16-487981.pdf,False,48560,47740,,,111300,106100,138800,127700,13260,12770,10560,10040,,,103400,97700,5070,4500,32450,14356,17330,Ultramax,95.8,92.1,6.5,11.8,22.1,105.1,24845.5,104.7,39.1,126445,120403,4160.3,740.0,990.0,677.0,1.0,1.7,2.4,83750,2.61,19.2,14.61,6.2,3.9,3.8,2.2
2026-04-17,inputs/research_pareto/2026/04/2026-04-17_ShippingDaily-2026-04-17-488249.pdf,False,482600,474400,,,89200,84000,125800,114700,13480,12990,104100,98900,,,98600,92900,5330,4760,33012,14356,17669,Ultramax,98.2,93.3,6.5,11.8,22.1,105.9,25231.6,104.7,39.1,147976,128470,4282.8,7481.0,929.0,6922.2,1.0,1.7,2.4,89000,2.66,16.1,14.6,6.2,3.9,3.8,2.2
2026-04-20,inputs/research_pareto/2026/04/2026-04-20_ShippingDaily-2026-04-20-488586.pdf,False,436800,428600,,,9100,8580,123300,112200,133100,128200,10670,10150,,,96200,90500,5350,4780,33932,14356,17886,Ultramax,95.45,89.06,6.5,11.8,22.1,105.9,25671.7,104.7,39.1,147976,129353,409.0,689.0,9502.3,652.0,1.0,1.7,2.6,89000,2.721,15.0,14.26,6.2,3.9,3.8,2.2
2026-04-21,inputs/research_pareto/2026/04/2026-04-21_ShippingDaily-2026-04-21-489050.pdf,False,497400,489200,,,9300,8780,116100,105000,13340,12850,10780,10260,,,9860,9290,5530,4960,35496,17785,17861,Ultramax,95.0,88.9,6.5,11.8,22.1,106.7,26332.6,104.7,39.1,147976,129602,4161.8,7093.0,904.0,6773.8,1.0,1.7,2.6,89000,2.66,15.21,13.7,6.2,3.9,3.8,2.2
2026-04-23,inputs/research_pareto/2026/04/2026-04-23_ShippingDaily-2026-04-23-490307.pdf,False,493500,486100,,,95300,91200,113000,104200,131700,126900,10900,10390,,,99400,94300,5570,5060,36002,17740,18760,Ultramax,103.21,94.21,6.5,11.8,22.1,106.9,26751.3,104.7,39.1,15899,131707,4363.0,7201.9,9577.3,6891.2,1.0,1.7,2.6,90250,2.72,16.12,15.34,6.2,3.9,3.8,2.2
2026-04-27,inputs/research_pareto/2026/04/2026-04-27_ShippingDaily-2026-04-27-491707.pdf,False,456500,448800,,,103900,99700,11220,10300,131900,127000,118000,112700,,,10090,9560,54600,49300,35333,14356,19403,Ultramax,107.41,96.01,6.5,11.8,22.1,106.9,2665.0,104.7,39.1,16073,128401,454.0,7593.4,1.0,7383.6,1.0,1.7,2.6,90250,2.51,16.61,15.72,6.2,3.9,3.8,2.2
2026-04-28,inputs/research_pareto/2026/04/2026-04-28_ShippingDaily-2026-04-28-492264.pdf,False,46350,45580,,,10700,10280,11340,10420,129600,124700,114400,109100,,,97700,92400,53500,48200,35334,17617,19468,Ultramax,109.51,97.41,6.5,11.8,22.1,106.9,26660.0,104.7,39.1,16073,130681,453.0,7792.7,1.0,737.0,1.0,1.7,2.6,90250,2.51,16.6,15.2,6.2,3.9,3.8,2.2
2026-04-29,inputs/research_pareto/2026/04/2026-04-29_ShippingDaily-2026-04-29-493275.pdf,False,447100,439400,,,10900,10480,12130,11210,129200,124300,11660,11130,,,87500,82200,52800,47500,35536,17695,19487,Ultramax,111.7,99.8,6.5,11.8,22.1,106.3,26770.4,104.7,39.1,17071,138637,4611.6,8114.1,1.0,7370.0,1.0,0.8,2.6,90250,2.684,16.5,15.0,6.2,3.9,3.8,2.2
2026-04-30,inputs/research_pareto/2026/04/2026-04-30_ShippingDaily-2026-04-30-493627.pdf,False,419100,411400,,,108200,104000,12290,11370,128800,123900,111200,105900,,,85000,79700,51300,46000,35340,17814,19391,Ultramax,124.45,109.32,5.8,11.8,22.1,106.7,2670.0,104.7,39.1,17071,139670,4753.2,8373.2,1.0,7542.3,1.0,0.8,2.6,90250,2.64,17.02,16.43,6.2,3.9,3.8,2.2
2026-05-04,inputs/research_pareto/2026/05/2026-05-04_ShippingDaily-2026-05-04-494642.pdf,False,402200,394500,,,88700,84500,120200,111000,13310,12820,11370,10840,,,75100,69800,50100,44800,36828,18018,19209,Ultramax,109.0,102.7,5.8,11.8,22.1,107.4,27301.6,104.7,39.1,17510,145248,460.0,756.0,1.0,689.0,0.9,0.8,2.6,101000,2.852,16.9,15.7,6.2,3.9,3.8,2.2
2026-05-05,inputs/research_pareto/2026/05/2026-05-05_ShippingDaily-2026-05-05-494937.pdf,False,402200,394500,,,88700,84500,120200,111000,13310,12820,11370,10840,,,75100,69800,50100,44800,36828,18018,19209,Ultramax,113.6,104.5,5.8,11.8,22.1,107.4,27301.6,104.7,39.1,17510,145248,4784.0,7712.0,1.0,7235.1,0.9,0.8,2.6,101000,2.84,16.9,16.61,6.2,3.9,3.8,2.2
2026-05-06,inputs/research_pareto/2026/05/2026-05-06_ShippingDaily-2026-05-06-495655.pdf,False,464200,456500,,,80800,76600,115000,105800,127200,122300,107800,102500,,,65700,60400,47500,42200,39146,18490,19058,Ultramax,108.3,100.6,5.8,11.8,22.1,107.4,28323.7,104.7,39.1,17735,15007,464.0,7740.5,1.0,704.0,0.9,0.8,2.6,100500,2.78,17.01,15.8,6.2,3.9,3.8,2.2
2026-05-07,inputs/research_pareto/2026/05/2026-05-07_ShippingDaily-2026-05-07-496440.pdf,False,46600,45830,,,8180,7760,109300,100100,125800,120900,106600,101300,,,61100,55800,46300,41000,42514,19216,19136,Ultramax,101.8,95.5,5.8,11.8,20.6,109.41,29915.6,104.7,39.1,17735,,443.0,732.0,972.0,682.0,0.9,0.8,2.6,100000,2.73,16.9,15.31,6.2,3.9,3.8,1.5
2026-05-08,inputs/research_pareto/2026/05/2026-05-08_ShippingDaily-2026-05-08-497089.pdf,False,463200,455500,,,8910,8490,94700,85500,125000,120100,10740,10210,,,57700,52400,4750,4220,43107,19758,19226,Ultramax,100.7,95.2,5.8,11.8,20.6,110.1,30341.4,104.7,39.1,19228,17479,4450.5,714.0,914.0,666.0,0.9,0.8,2.6,98500,2.78,16.8,15.21,6.2,3.9,3.8,1.5
2026-05-11,inputs/research_pareto/2026/05/2026-05-11_ShippingDaily-2026-05-11-497505.pdf,False,46320,45550,,,8940,8520,85400,76200,12490,12000,107300,102000,,,51400,46100,46600,41300,41438,20099,19240,Ultramax,105.54,99.94,5.8,9.4,20.6,110.0,2978.0,103.9,33.1,19228,17617,4582.8,7464.6,9190.6,6822.5,0.9,0.8,2.6,98500,2.801,16.9,15.41,6.2,3.9,3.8,1.5
2026-05-12,inputs/research_pareto/2026/05/2026-05-12_Periodical-ShippingDaily-2026-05-12-498012.pdf,False,457400,449700,,,88900,84700,78200,69000,123700,118800,106500,101200,,,49000,43700,45800,40500,41630,20548,19300,Ultramax,105.41,99.51,5.8,9.4,20.6,111.31,30010.8,103.9,33.1,19228,17779,4641.4,7845.1,9847.1,7033.1,0.9,0.8,2.6,98500,2.94,16.9,16.2,6.2,3.9,3.8,1.5
2026-05-13,inputs/research_pareto/2026/05/2026-05-13_Periodical-ShippingDaily-2026-05-13-498644.pdf,False,454100,446400,,,82800,78600,71400,62200,123300,118400,10690,10160,,,5170,4640,45500,40200,42588,21241,19408,Ultramax,106.2,100.6,5.8,9.4,20.6,110.5,30632.1,103.9,33.1,19981,18486,4772.7,8285.5,1.0,7232.8,0.9,0.8,2.6,98500,2.83,17.0,15.9,6.2,3.9,3.8,1.5
2026-05-14,inputs/research_pareto/2026/05/2026-05-14_Periodical-ShippingDaily-2026-05-14-498899.pdf,False,451200,443500,,,82700,78500,67600,58400,121300,116400,106700,101400,,,46800,41500,41300,36000,44930,22083,19625,Ultramax,105.9,101.3,5.8,9.4,20.6,111.0,31894.1,103.9,33.1,19981,18549,464.0,810.0,1.0,722.0,0.9,0.8,2.6,98500,2.89,17.0,16.1,6.2,3.9,3.8,1.5
2026-05-18,inputs/research_pareto/2026/05/2026-05-18_Periodical-ShippingDaily-2026-05-18-499377.pdf,False,450900,443200,,,8830,8410,6650,5730,120000,115100,105600,100300,,,4190,3660,39900,34600,43413,22691,19788,Ultramax,111.11,107.41,5.8,9.4,20.6,110.1,3151.0,103.9,33.1,195775,18519,4743.3,8332.1,1.0,7371.8,0.9,0.8,2.6,98500,3.032,17.1,17.72,6.2,3.9,3.8,1.5
2026-05-19,inputs/research_pareto/2026/05/2026-05-19_Periodical-ShippingDaily-2026-05-19-499738.pdf,False,447700,440000,,,85600,81400,65000,55800,115500,110600,101400,96100,,,40700,35400,38400,33100,41959,22597,19849,Ultramax,109.9,108.0,5.8,9.4,20.6,109.9,3092.0,103.9,33.1,195775,18558,469.0,8623.4,998.0,7491.6,0.9,0.8,2.6,98500,3.02,19.01,17.0,6.2,3.9,3.8,1.5
2026-05-20,inputs/research_pareto/2026/05/2026-05-20_Periodical-ShippingDaily-2026-05-20-500323.pdf,False,413500,405800,11100,10330,8640,8220,63100,53900,113500,108600,100200,94900,,,4200,3670,36400,31100,41385,22131,19822,Ultramax,110.9,103.9,5.8,9.4,20.6,109.3,3054.0,103.9,33.1,20040,19226,464.0,8690.8,993.0,748.0,0.9,0.8,1.6,98500,3.11,19.63,17.81,6.2,3.5,3.8,1.5
2026-05-21,inputs/research_pareto/2026/05/2026-05-21_Periodical-ShippingDaily-2026-05-21-500861.pdf,False,401900,394200,110100,102400,81900,77700,60400,51200,11410,10920,10080,9550,,,4270,3740,36100,30800,40760,21367,19789,Ultramax,106.21,99.41,5.8,9.4,20.6,109.1,3005.0,103.9,33.1,20040,19333,452.0,828.0,968.0,746.0,0.9,0.8,1.6,98500,3.031,18.9,16.8,6.2,3.5,3.8,1.5
2026-05-22,inputs/research_pareto/2026/05/2026-05-22_Periodical-ShippingDaily-2026-05-22-501316.pdf,False,400300,392600,100200,92500,8250,7830,58400,49200,113500,108600,100600,95300,,,4330,3800,3710,3180,40335,20485,19863,Ultramax,105.22,98.32,5.8,9.4,20.6,107.6,2964.0,103.9,33.1,20232,19572,445.0,812.0,914.0,740.0,0.9,0.7,1.6,98500,3.01,18.9,16.4,6.2,3.5,3.4,1.5
2026-05-26,inputs/research_pareto/2026/05/2026-05-26_Periodical-ShippingDaily-2026-05-26-501855.pdf,False,395500,387800,10950,101800,73600,69400,57800,48600,11450,10960,10100,9570,,,42700,37400,37000,31700,41428,20004,19801,Ultramax,98.12,91.8,5.8,9.4,20.6,107.2,29910.9,103.9,33.1,21022,19958,441.0,785.0,8410.2,7481.2,0.9,0.7,1.6,98500,2.93,18.8,15.82,6.2,3.5,3.4,1.5
2026-05-27,inputs/research_pareto/2026/05/2026-05-27_Periodical-ShippingDaily-2026-05-27-502065.pdf,False,389800,382100,106400,98700,7450,7030,55200,46000,112500,107600,99800,94500,,,39600,34300,3700,3170,43602,20318,19711,Ultramax,97.9,91.8,5.8,9.4,20.6,105.5,30853.1,103.9,33.1,203069,20234,435.0,780.0,836.0,7601.5,0.9,0.7,1.6,98500,2.88,18.4,16.0,5.9,3.5,3.4,1.5
2026-05-28,inputs/research_pareto/2026/05/2026-05-28_Periodical-ShippingDaily-2026-05-28-502436.pdf,False,387600,379900,104900,97200,73500,69300,51700,42500,111900,107000,99400,94100,,,35300,30000,36900,31600,44314,20629,19740,Ultramax,97.23,91.63,5.8,9.4,20.6,105.5,31241.3,103.9,33.1,203069,199509,423.0,760.0,836.0,7600.1,0.9,0.7,1.6,98500,3.071,18.2,16.12,5.9,3.5,3.4,1.5
2026-05-29,inputs/research_pareto/2026/05/2026-05-29_Periodical-ShippingDaily-2026-05-29-502881.pdf,False,38830,38060,11130,10360,68700,64500,50500,41300,11230,10740,9970,9440,,,3580,3050,36700,31400,46538,20978,19835,Ultramax,92.8,87.9,5.2,9.4,20.6,105.4,32263.3,103.9,33.1,193699,176799,4332.6,7681.1,795.0,753.0,0.8,0.7,1.6,98500,3.29,18.3,16.0,5.9,3.5,3.4,1.5
2026-06-04,inputs/research_pareto/2026/06/2026-06-04_Periodical-ShippingDaily-2026-06-04-504131.pdf,False,39390,38630,100100,92500,6240,5840,4910,4060,95000,89100,9300,8710,,,20800,15300,33700,28200,44138,20607,20006,Ultramax,96.8,95.1,6.4,9.4,20.6,104.0,3124.0,103.9,33.1,187883,16609,436.0,7410.3,8073.7,6901.4,0.8,0.7,1.6,90500,3.22,18.81,16.6,5.9,3.5,3.4,1.5
2026-06-05,inputs/research_pareto/2026/06/2026-06-05_Periodical-ShippingDaily-2026-06-05-504338.pdf,False,390300,382700,98600,91000,6260,5860,55200,46700,9650,9060,92000,86100,,,23500,18000,33500,28000,42204,20285,20020,Ultramax,95.4,93.1,6.4,9.4,20.6,102.0,3037.0,103.9,33.1,19972,164441,427.0,716.0,773.0,679.0,0.8,0.7,1.6,90000,3.36,18.8,16.8,5.9,3.5,3.4,1.5
2026-06-08,inputs/research_pareto/2026/06/2026-06-08_Periodical-ShippingDaily-2026-06-08-504570.pdf,False,388300,380700,10190,9430,6420,6020,5780,4930,95400,89500,91200,85300,,,27600,22100,33300,27800,40871,20121,20067,Ultramax,97.54,94.64,6.4,9.4,16.3,102.1,2981.0,103.9,33.1,19972,163400,422.0,713.0,736.0,678.0,0.8,0.7,1.6,90000,3.18,18.8,17.25,5.9,3.5,3.4,1.5
